Image,ZPTV,ICM_Quality,TE_Integrity,Blastocoel_Volume
100.BMP,4.581688925,122.5024954,0.068988098,58650
101.BMP,2.281541025,94.58177155,0.006397141,56797
102.BMP,2.494238237,97.28795909,0.063966935,51554
103.BMP,2.994953511,92.73522052,0.074960214,55365
104.BMP,3.196920477,104.3025595,0.056980373,32335
105.BMP,4.16102995,91.28360875,0.086971518,40577
106.BMP,2.277375094,154.9931836,0.005039097,46912
107.BMP,2.570325137,105.7888641,0.062332419,37399
108.BMP,4.050683825,117.0925587,0.062272247,26535
109.BMP,7.501881636,133.2057346,0.065278033,34570
110.BMP,4.427234472,131.3648804,0.06867666,19714
111.BMP,0,98.62226864,0.003349666,114100
112.BMP,23.48925763,109.4398434,0.004461674,43090
113.BMP,3.915477374,103.0940989,0.068177659,30239
114.BMP,3.424481918,102.4219723,0.08587302,57722
115.BMP,1.451824642,111.7453395,0.005115685,80476
116.BMP,3.689088783,105.691463,0.067536522,26653
117.BMP,4.044131893,110.366348,0.060495067,25148
118.BMP,2.139124587,120.9697107,0.0042267,65471
119.BMP,3.051406688,187.0698921,0.073119037,24068
120.BMP,3.149902755,164.2918111,0.004642362,37802
121.BMP,4.861132208,132.9520663,0.100565471,32901
122.BMP,2.364759163,115.2664098,0.073391247,20305
123.BMP,1.328723648,110.051015,0.1127383,44058
124.BMP,1.602356134,105.9442733,0.105144028,50576
125.BMP,1.965651165,164.7476371,0.076910619,47897
126.BMP,5.553323037,168.2148367,0.08896141,27093
127.BMP,2.132806126,107.2942592,0.136287805,55487
128.BMP,2.110140657,170.0880482,0.002256474,58065
129.BMP,3.6922812,135.7932457,0.066295866,22023
130.BMP,3.348803418,143.1672688,0.056865546,31572
131.BMP,3.087017419,156.718502,0.0997725,21315
132.BMP,2.154437929,120.0964216,0.083429105,13655
133.BMP,2.608328792,119.0240779,0.070631668,45971
134.BMP,3.244342183,198.3687729,0.004396817,54299
135.BMP,2.471834974,95.70417504,0.09035596,27193
136.BMP,1.895529211,99.66646635,0.079153175,48357
137.BMP,4.03661503,182.4624476,0.076106548,37795
138.BMP,3.702568604,112.1359261,0.091086473,20939
139.BMP,3.001241132,142.6656981,0.075189324,32541
140.BMP,3.77086592,137.8148805,0.088967713,71012
141.BMP,3.897006484,127.5183524,0.069578916,39479
142.BMP,2.750167384,87.30337223,0.10130574,30390
143.BMP,2.713250929,112.573487,0.003717229,72690
144.BMP,3.579328256,104.4316975,0.062217656,78815
145.BMP,3.961739835,102.1290454,0.059520889,18226
146.BMP,3.740557556,128.4265468,0.070101254,55429
147.BMP,1.801221421,125.9263434,0.081958192,56043
148.BMP,2.422755513,122.3636955,0.08730625,66836
149.BMP,8.219111597,98.70392872,0.082506885,40433
150.BMP,3.970183655,98.2842368,0.003841634,64332
151.BMP,9.787480429,101.1716438,0.076379768,43635
152.BMP,4.159150317,175.263805,0.089038763,66890
153.BMP,0.510342059,137.011948,0.002629219,110962
154.BMP,3.14974195,100.9002082,0.065654922,26258
155.BMP,2.87728869,109.4553538,0.079365783,83344
156.BMP,3.903112006,90.88237905,0.061014048,38476
157.BMP,3.264255872,151.756034,0.065185798,42474
158.BMP,5.099604745,124.7162344,0.080331305,21488
159.BMP,3.56294996,160.1608359,0.068138485,31300
160.BMP,3.898701395,97.77609626,0.063902406,78008
161.BMP,2.952362862,118.8462523,0.043045757,35041
162.BMP,2.003680991,114.8326948,0.005708831,26453
163.BMP,4.947878795,109.4677806,0.08077744,51169
164.BMP,4.592852641,110.0526926,0.066580503,42688
165.BMP,9.43086447,124.0360503,0.071580108,50857
166.BMP,9.715152992,115.7802142,0.09780599,57111
167.BMP,3.619838485,101.6721919,0.058477136,40052
168.BMP,4.85315876,101.9237098,0.078485875,46046
169.BMP,4.601238677,110.3172317,0.002182616,73693
170.BMP,2.471666595,136.1727924,0.094210057,52813
171.BMP,5.848213583,135.6738849,0.091345449,55528
172.BMP,2.880273962,134.4425753,0.048380956,9926
173.BMP,4.358814382,100.9368569,0.117181684,52867
174.BMP,4.411205333,95.38962656,0.08851712,33843
175.BMP,7.730628672,133.9335428,0.059351467,44825
176.BMP,3.113841084,126.8793318,0.065148401,16965
177.BMP,2.912731983,167.919726,0.061695372,33140
178.BMP,3.904892743,180.1139522,0.004079416,68647
179.BMP,2.091282536,187.7821743,0.084167355,65947
180.BMP,2.702052608,179.4967642,0.098363979,86233
28.BMP,2.025096809,110.4564429,0.073234341,29135
29.BMP,1.681577506,186.1444618,0.004698039,30257
30.BMP,3.132062136,111.7328636,0.074787641,26326
31.BMP,3.225393849,121.1349925,0.086611536,28877
32.BMP,2.835676406,111.7284431,0.094941375,18932
33.BMP,3.891693167,100.2466023,0.093307112,44201
34.BMP,4.458912967,102.8274924,0.091037651,39164
35.BMP,4.341889472,92.86754745,0.098606628,56969
36.BMP,12.06278457,99.82352681,0.067311802,35764
37.BMP,3.025219353,103.6058319,0.059298742,53306
38.BMP,3.453544205,111.6018575,0.072334644,33905
39.BMP,2.215666514,106.3017378,0.050250608,60242
40.BMP,2.103304989,171.045544,0.003144697,69287
41.BMP,3.359905181,175.4410639,0.072933897,49074
42.BMP,2.870222002,148.3915515,0.076222145,38385
43.BMP,9.419506375,177.5587113,0.011591647,45660
44.BMP,4.123798715,111.0856112,0.056110184,60381
45.BMP,3.305248568,150.4922348,0.00487985,48260
46.BMP,2.779318867,140.4445914,0.068323387,15212
47.BMP,6.426253926,107.7255014,0.003734822,44590
48.BMP,3.785348771,100.8760624,0.098690122,44634
49.BMP,1.832944646,97.08019704,0.004104278,61485
50.BMP,6.472762631,107.6584907,0.086236278,55851
51.BMP,8.400023302,165.7193856,0.107232275,56056
52.BMP,20.56950852,142.7751323,0.074348019,22082
53.BMP,4.808363716,154.6702378,0.061837233,29100
54.BMP,5.471199719,100.789185,0.063931256,59365
55.BMP,2.008783562,118.3987221,0.124523145,34258
56.BMP,1.466063149,149.9075488,0.111185013,47321
57.BMP,9.722473756,143.5128418,0.086626049,50833
58.BMP,6.316692864,141.6607932,0.07122806,26146
59.BMP,2.99409968,99.65971272,0.073522737,77337
60.BMP,7.749586682,110.3978942,0.046044071,30119
61.BMP,2.958073486,103.6183901,0.065542116,34318
62.BMP,8.070487117,100.8134639,0.051614709,34456
63.BMP,2.568464053,98.84547155,0.049679356,24820
64.BMP,8.102557756,171.9844071,0.081101574,39396
65.BMP,2.79788724,174.5075514,0.117302885,34232
66.BMP,2.902760962,143.8939355,0.079119888,33039
67.BMP,2.425898374,140.1611849,0.073914188,85256
68.BMP,5.241213369,141.7852133,0.056674359,25449
69.BMP,4.763554523,116.1939996,0.065765405,20923
70.BMP,4.213228055,122.3709194,0.082933376,22461
71.BMP,2.418533844,119.7765363,0.094171504,34641
72.BMP,3.417876336,129.0664477,0.061966508,8094
73.BMP,8.114130857,183.3867599,0.067642242,54267
74.BMP,3.412181347,185.3285088,0.052178191,21118
76.BMP,5.237045281,109.2990272,0.055653108,50916
77.BMP,2.88073929,97.3150289,0.00252161,50226
78.BMP,3.290402106,108.1499724,0.008464364,21863
79.BMP,1.32726221,104.8561383,0.078381888,48090
80.BMP,3.248896109,93.72144411,0.004732883,23333
81.BMP,4.504691815,81.02801576,0.068287186,7374
82.BMP,1.835191047,94.16427241,0.078293328,32366
83.BMP,2.871477113,110.7119501,0.072816123,35292
84.BMP,5.459239102,120.9846301,0.097016842,33273
85.BMP,3.970191735,108.5185993,0.06692251,28976
86.BMP,7.53599582,101.2901619,0.092551744,47741
87.BMP,3.647608321,131.8869799,0.118763597,24797
88.BMP,2.977070897,101.9091038,0.121889477,21334
89.BMP,2.368093763,106.7529032,0.088529055,30873
90.BMP,2.815512318,94.83489097,0.10527555,64198
91.BMP,2.818916894,133.2782882,0.054909872,27835
92.BMP,2.661593877,136.5134723,0.081331023,49696
93.BMP,3.622950185,126.4385568,0.082650441,29497
94.BMP,3.29529776,144.3315486,0.071251091,40236
95.BMP,2.757915483,134.0795195,0.075590968,49328
96.BMP,3.598325844,159.6449021,0.071619181,29827
97.BMP,5.322016662,159.4423965,0.080681294,58556
98.BMP,1.871762448,163.5022447,0.004672523,74672
99.BMP,3.703357428,118.6892168,0.088650759,50445
R12-0090A.bmp,3.709233183,137.91582,0.071108048,29644
R12-0090B.bmp,2.870082318,147.8854184,0.005344299,20747
R12-0105A.bmp,4.100593025,124.282915,0.061653491,28843
R12-0169A.bmp,2.914035768,101.3006715,0.006054831,51570
R12-0169B.bmp,3.532648505,114.3017447,0.106967022,28634
R12-0206A.bmp,3.499782018,104.9221113,0.112404381,83192
R12-0206B.bmp,2.710616561,95.55100808,0.086051427,21965
R12-0215.bmp,2.966403217,152.7956778,0.070687746,29933
R12-0221A.bmp,3.14517403,102.3994723,0.094177154,45017
R12-0221B.bmp,4.291862193,105.0879347,0.10191078,40187
R12-0223A.bmp,5.302552918,106.4673745,0.005881816,57248
R12-0223B.bmp,9.040893324,109.6486994,0.070913233,35515
R12-0236.bmp,1.354239617,112.2609001,0.004266099,53963
R12-0255A.bmp,3.670715979,112.5684024,0.065040189,44748
R12-0255B.bmp,3.669042289,110.4095087,0.004198976,71436
R12-0257.bmp,2.441512664,107.6251558,0.004980024,65639
R12-0259.bmp,2.115425103,111.1451213,0.003743867,60622
R12-0266.bmp,2.384011254,167.601778,0.007928896,69348
R12-0268A.bmp,3.46833031,172.007824,0.074508091,49823
R12-0268B.bmp,3.243215168,145.2638288,0.005070501,38092
R12-0279A.bmp,4.308086292,140.6311494,0.005215252,26271
R12-0279B.bmp,2.382991713,138.2747903,0.087188993,24258
R12-0280.bmp,5.182089844,167.1476919,0.004698837,73841
R12-0290.bmp,4.13048542,116.876427,0.00408914,40109
R12-0296.bmp,3.212885428,108.1998493,0.007474836,61908
R12-0303.bmp,4.619036374,108.0386116,0.09200165,23533
R12-0304.bmp,4.667018524,116.557077,0.088207681,69581
R12-0315.bmp,5.875272394,115.4480136,0.075071206,44722
R12-0316A.bmp,3.528062365,104.0334678,0.098683044,44826
R12-0316B.bmp,2.965111607,97.65129565,0.009014749,62631
R12-0318A.bmp,2.520435343,103.1942068,0.036427872,25762
R12-0318B.bmp,3.199900424,99.94118572,0.071576171,59882
R12-0335.bmp,3.631904908,160.9536091,0.11464829,55172
R12-0338A.bmp,18.39285475,137.8965012,0.083254898,22015
R12-0338B.bmp,4.254824275,151.3055929,0.066830443,28499
R12-0343A.bmp,10.70045797,136.7158477,0.078121152,48861
R12-0343B.bmp,6.734945097,144.873848,0.060999898,39196
R12-0358A.bmp,8.938714807,142.6706314,0.088796216,50723
R12-0358B.bmp,5.551132577,137.5844311,0.074878095,26165
R12-0378A.bmp,3.144528488,170.3663096,0.004227662,82641
R12-0378B.bmp,5.399230582,160.0984462,0.062948402,22263
R12-0391A.bmp,3.604281243,108.2501488,0.088943945,11569
R12-0391B.bmp,2.983828855,106.3602178,0.075398294,22538
R12-0396A.bmp,3.697662584,145.3100917,0.095963989,31120
R12-0396B.bmp,4.18637444,143.2437645,0.071981978,20051
R12-0397A.bmp,2.496281132,104.5405762,0.079371103,77914
R12-0397B.bmp,3.361799994,121.5607924,0.004809747,31038
R12-0422A.bmp,3.704256511,151.7587831,0.084996329,71391
R12-0422B.bmp,2.662164749,152.1205848,0.073428747,27775
R12-0425.bmp,8.05757193,154.9485046,0.063084312,41347
R12-0461.bmp,6.000785253,109.8752705,0.097115844,74737
R12-0463A.bmp,3.326494499,100.2991844,0.004220006,34254
R12-0463B.bmp,7.743950462,99.02796032,0.055615215,35601
R12-0469.bmp,5.607701382,115.2140219,0.074392075,43664
R12-0471.bmp,4.451557897,107.6638457,0.081005739,24202
R12-0486A.bmp,3.48038631,146.8095184,0.06658396,37948
R12-0486B.bmp,2.63011104,148.5345636,0.002845651,70135
R12-0502.bmp,2.050578914,136.7741391,0.090298559,52843
R12-0508A.bmp,3.011738059,139.0757566,0.078997926,33081
R12-0508B.bmp,3.053506261,128.991428,0.008773284,84965
R13-0019.bmp,4.000301939,95.0758668,0.048028529,45223
R13-0077A.bmp,1.462976337,133.8240964,0.083843553,50134
R13-0077B.bmp,3.689512026,121.7693636,0.091012952,29439
R13-0079A.bmp,3.576335991,140.8856829,0.073473911,39817
R13-0079B.bmp,3.495375264,129.3230539,0.005982071,49228
R13-0081A.bmp,3.735979052,155.111687,0.007152381,30890
R13-0081B.bmp,2.518229863,156.1362361,0.004418438,58729
R13-0090.bmp,3.561015829,120.7990799,0.085767174,50509
R13-0097.bmp,4.457335252,118.040055,0.06647164,58366
R13-0100A.bmp,3.124860986,117.5351519,0.102877944,23548
R13-0100B.bmp,3.258841264,116.1770042,0.088312654,15903
R13-0127.bmp,2.488614353,95.29523616,0.004060582,57379
R13-0140A.bmp,2.661468943,113.7396604,0.058314011,32209
R13-0140B.bmp,2.169061302,91.80275412,0.00633316,41269
R13-0152A.bmp,3.782908021,100.6559584,0.091235243,24931
R13-0152B.bmp,3.510338873,112.1090003,0.061932666,31097
R13-0154.bmp,5.820097924,109.8846898,0.105740237,57669
R13-0162.bmp,4.438573712,123.3341905,0.005051708,36501
R13-0163.bmp,2.716687502,112.6977782,0.063578158,36866
R13-0167B.bmp,5.022970346,129.581242,0.064935862,32480
R13-0204A.bmp,3.211056717,113.3303651,0.061717992,27391
R13-0204B.bmp,4.990091072,108.0754319,0.134602856,25429
R13-0230A.bmp,5.217246956,165.4360596,0.074077311,19483
R13-0230B.bmp,6.244298227,157.688993,0.092698987,19752
R13-0235A.bmp,22.09047059,104.8474276,0.005359088,43492
R13-0235B.bmp,2.47379593,102.0258849,0.005249498,31301
R13-0247A.bmp,5.1061292,122.3392857,0.072120207,39210
R13-0247B.bmp,4.31596035,116.5900964,0.012215001,22785
R13-0261.bmp,3.389136204,120.155845,0.077232647,25684
R13-0263A.bmp,2.769317172,97.86437532,0.004993968,56098
R13-0263B.bmp,2.963185673,97.77127189,0.00424365,59686
R13-0269.bmp,5.210504965,117.2473141,0.005301138,65716
R13-0298.bmp,2.430107169,118.9753173,0.008035095,65932
R13-0344.bmp,3.852958707,121.0051454,0.004538099,57026
R13-0351.bmp,2.154304652,115.3016267,0.00807719,51362
R13-0360.bmp,3.48825457,130.2342319,0.112984205,26956
R13-0383A.bmp,1.996196057,162.2735187,0.007109564,47795
R13-0383B.bmp,4.985182529,164.5786917,0.105164992,27084
R13-0393.bmp,2.106934166,169.739076,0.007604086,57104
R13-0394A.bmp,2.566367164,114.9541299,0.053128084,52959
R13-0394B.bmp,3.115297982,140.5876055,0.076175594,45695
R13-0410A.bmp,3.187449349,134.8531483,0.005497054,22464
R13-0410B.bmp,1.886837957,145.2268352,0.060781439,32860
R13-0424A.bmp,2.556012667,177.5855907,0.06273381,37878
R13-0424B.bmp,5.739526324,176.8064034,0.054496094,12100
R13-0449.bmp,5.114336282,192.6682947,0.066004593,31433
R13-0474.bmp,3.219876717,151.3240338,0.068569002,18981
R13-0517A.bmp,2.057378353,99.93000496,0.088992978,65642
R13-0517B.bmp,3.336528747,108.9756413,0.091228774,43717
R13-0564.bmp,1.861920601,95.09855525,0.088733255,49279
R14-0013.bmp,4.041457976,114.7409998,0.094958516,25286
R14-0023A.bmp,4.35189218,100.9150206,0.048027024,18440
R14-0023B.bmp,4.186020686,100.1994544,0.061641306,24464
R14-0032A.bmp,2.004154591,188.2185223,0.099160793,49258
R14-0032B.bmp,2.401416814,178.2861498,0.005303307,53791
R14-0033.bmp,3.437267076,175.5164775,0.082781221,35211
R14-0050A.bmp,2.84229255,161.0318301,0.005613627,65865
R14-0050B.bmp,2.117390509,168.4731791,0.004810192,47711
R14-0051.bmp,3.952491472,164.8694628,0.067940316,37815
R14-0055A.bmp,4.875605665,165.3926024,0.005550974,61767
R14-0055B.bmp,2.452749656,154.9017478,0.060289727,24304
R14-0068.bmp,3.13299735,142.3930454,0.079513075,32821
R14-0069A.bmp,7.535457769,146.9382907,0.086702413,65534
R14-0069B.bmp,4.238596505,139.1868116,0.0039565,49316
R14-0070.bmp,3.212645359,126.2541935,0.071867636,39456
R14-0081A.bmp,3.864281952,164.0539165,0.07213364,59308
R14-0081B.bmp,4.300565339,140.7770966,0.003112061,78987
R14-0085.bmp,2.688525207,161.2145103,0.008227459,30794
R14-0090.bmp,2.806543751,125.2999005,0.009085098,72316
R14-0110.bmp,3.022114391,117.909665,0.002513218,79247
R14-0111.bmp,1.819953675,110.5819404,0.09720779,38877
R14-0114.bmp,4.538796223,101.4493354,0.061028363,10811
R14-0116.bmp,2.399563421,127.7984035,0.004032076,55713
R14-0124A.bmp,2.638595042,102.1642273,0.005375651,60976
R14-0124B.bmp,4.959370502,101.9479384,0.058107435,58577
R14-0137A.bmp,4.947481081,137.4907468,0.003464363,89517
R14-0137B.bmp,4.409991389,130.9789035,0.055381913,28801
R14-0143.bmp,5.604538391,122.4200703,0.093182293,68080
R14-0163.bmp,8.542354044,122.8815682,0.086451463,40618
R14-0165A.bmp,4.617643327,123.2013742,0.006310756,84994
R14-0165B.bmp,2.886454179,125.3712758,0.057841005,33466
R14-0172A.bmp,2.82878898,132.4577262,0.087381168,30513
R14-0172B.bmp,3.826749874,139.8392782,0.107525102,25791
R14-0184A.bmp,3.352583772,113.503782,0.005226249,46367
R14-0184B.bmp,2.852668234,105.2399685,0.077808314,28826
R14-0186.bmp,3.438447957,173.6860705,0.007992425,66969
R14-0190.bmp,12.23805881,146.4732181,0.112559277,55897
R14-0191A.bmp,3.213255228,130.7082929,0.066528159,30848
R14-0191B.bmp,2.925994107,158.2059751,0.003495214,43585
R14-0199A.bmp,4.728899968,126.3542957,0.067677319,44488
R14-0199B.bmp,3.163405863,108.4165324,0.065682344,37337
R14-0204A.bmp,2.241484234,135.8459138,0.081511993,29295
R14-0204B.bmp,3.552342058,128.7253787,0.05504973,15133
R14-0257.bmp,2.033140012,177.0228145,0.073283842,37658
R14-0264A.bmp,4.746246653,125.3976168,0.112974663,34655
R14-0264B.bmp,2.5380478,127.3179748,0.058575845,23628
R14-0266.bmp,4.973575936,132.5930241,0.115841629,77041
R14-0275.bmp,3.68610526,112.7975568,0.005057133,58577
R14-0276.bmp,4.48202484,112.6987006,0.072876502,37359
R14-0291A.bmp,5.240751814,175.8162786,0.004279225,64146
R14-0291B.bmp,2.714733621,170.6360014,0.006013372,31802
R14-0324A.bmp,2.403843148,122.47967,0.045334146,36294
R14-0324B.bmp,2.210791676,115.160262,0.058995721,26160
R14-0335.bmp,3.924001157,108.8389475,0.060628189,39853
R14-0343.bmp,3.615363864,149.0285391,0.006299442,52268
R14-0348.bmp,4.592042752,132.65105,0.003799843,74359
R14-0351.bmp,2.52223762,147.8770248,0.004551776,52914
R14-0354.bmp,4.963128919,147.1010735,0.064098614,12409
R14-0362A.bmp,3.762916928,122.2003907,0.006372397,53452
R14-0362B.bmp,2.752075835,108.1934695,0.0921932,34028
R14-0369.bmp,3.473021427,165.8814505,0.062044409,33813
R14-0370.bmp,6.000659965,181.151805,0.004377865,69765
R14-0392A.bmp,5.791260417,130.6276915,0.100137653,26318
R14-0392B.bmp,31.05039821,132.1668603,0.012404378,24320
R14-0404.bmp,3.789742147,136.5197734,0.081774591,41537
R14-0411.bmp,3.692953863,128.2682476,0.006600293,53516
R14-0415A.bmp,4.446859841,130.1147135,0.086642215,20274
R14-0415B.bmp,6.733051784,134.4582475,0.063533722,25456
R14-0423A.bmp,9.143217859,138.2219458,0.0049651,53339
R14-0423B.bmp,6.117484778,111.330294,0.073325219,32483
R14-0447A.bmp,4.824038674,154.1992201,0.083947701,22080
R14-0447B.bmp,2.127681323,153.8083859,0.115824662,37028
R14-0453A.bmp,3.309054155,152.0507358,0.085220115,39569
R14-0453B.bmp,4.66530879,132.4723624,0.069567425,31488
R14-0461A.bmp,4.635424144,153.6437703,0.089337115,57370
R14-0461B.bmp,6.022691447,158.2552167,0.007767805,51288
R14-0465.bmp,3.524114271,138.5882827,0.005268834,61678
R14-0473A.bmp,3.898194909,156.5106618,0.074203933,44938
R14-0473B.bmp,4.35939931,167.6688351,0.061260349,22169
R14-0485.bmp,2.759294773,139.5277657,0.058912199,11481
R14-0502A.bmp,2.980689438,175.8484276,0.073383833,46177
R14-0502B.bmp,2.975876799,156.484975,0.091939779,39883
R14-0506A.bmp,3.052970498,161.2340316,0.108351315,80701
R14-0506B.bmp,2.965468714,150.8103833,0.07432328,31904
R14-0511A.bmp,3.362568307,122.3831173,0.116610124,70195
R14-0511B.bmp,3.849373383,118.3796084,0.124390076,56436
R14-0531.bmp,4.322137864,113.4709046,0.076044343,23065
R14-0540.bmp,4.210328515,112.6246062,0.066891505,27701
R14-0541A.bmp,1.888895192,119.377864,0.087405105,44754
R14-0541B.bmp,3.652852491,105.0061206,0.074467111,23460
R14-0542.bmp,6.036247949,102.1752258,0.083807815,27925
R14-0545.bmp,2.989322422,120.9901663,0.069375474,22022
R14-0548A.bmp,3.227485517,125.1959053,0.002731505,102144
R14-0558.bmp,3.131907021,142.2563045,0.076653544,34093
R14-0572A.bmp,2.705955231,120.0957473,0.006103664,81247
R14-0572B.bmp,3.293330341,93.23524859,0.080340547,57252
R14-0575.bmp,3.169354877,127.1770058,0.07039719,43832
R14-0584A.bmp,4.844085158,121.6790434,0.005706446,61680
R14-0584B.bmp,4.337738999,130.6952679,0.077758427,31162
R14-0587.bmp,2.529725752,167.3100199,0.08647119,27995
R14-0590A.bmp,4.287371827,173.5758154,0.088927712,35469
R14-0590B.bmp,5.031975286,170.3676547,0.004944708,51301
R14-0610A.bmp,1.818274174,160.2716447,0.113458407,66346
R14-0610B.bmp,2.740650865,138.5288165,0.075724741,78231
R14-0611.bmp,5.506687885,155.3882125,0.069422154,55937
R14-0621A.bmp,2.089834759,102.4416221,0.109494941,43493
R14-0621B.bmp,4.090814933,119.5167729,0.08872767,29104
R14-0636.bmp,1.482352057,171.119506,0.005355788,91008
R14-0638A.bmp,3.462535391,159.9145157,0.004836914,74048
R14-0638B.bmp,3.922588424,166.0017231,0.090989585,56597
R14-0644B.bmp,5.145610926,109.3142766,0.150147879,61529
R14-0646.bmp,4.530282518,160.8248731,0.12483832,44370
R14-0648.bmp,3.22938931,127.2626593,0.004666545,55400
R14-0652.bmp,20.54392014,141.9482616,0.06812073,44739
R15-0011A.bmp,2.269123643,182.3874682,0.004828653,89956
R15-0012A.bmp,3.275504453,163.6935583,0.074895169,37022
R15-0012B.bmp,1.703204827,162.2747646,0.052908481,21750
R15-0016.bmp,5.00580929,148.06339,0.003687331,71454
R15-0017.bmp,6.036105102,180.7208197,0.054609958,51686
R15-0020.bmp,5.701250357,148.1855893,0.010534358,80886
R15-0029.bmp,5.516907193,111.0897952,0.072285174,54404
R15-0040B.bmp,4.602090785,141.8498728,0.093568897,35088
R15-0048B.bmp,5.99060733,156.4705711,0.066628224,21813
R15-0073A.bmp,2.366342026,154.0506709,0.005832137,91290
R15-0073B.bmp,2.618301813,138.9616823,0.005049022,72021
R15-0074A.bmp,3.150974531,152.8634614,0.07950357,41864
R15-0074B.bmp,3.717031859,142.5338782,0.007035685,32836
R15-0080A.bmp,4.149977233,133.9860263,0.006313432,47039
R15-0080B.bmp,3.246548909,127.6202566,0.092329722,10909
R15-0116A.bmp,3.264889289,123.3535047,0.005698466,81392
R15-0116B.bmp,3.395601158,103.0399302,0.004629143,56186
R15-0129A.bmp,4.92581561,118.4751105,0.06701631,26666
R15-0129B.bmp,5.747052668,129.3515093,0.103815198,40520
R15-0138A.bmp,3.56655323,150.2601958,0.086942067,43080
R15-0138B.bmp,3.971400078,153.3275046,0.086095351,28166
R15-0146.bmp,3.950531225,130.2569183,0.004183201,53273
R15-0150.bmp,3.666262695,108.666088,0.004275094,49469
R15-0152A.bmp,3.520027241,101.2004529,0.07311873,34040
R15-0152B.bmp,3.896521695,106.8312386,0.068380318,37696
R15-0158A.bmp,7.148999233,118.5272567,0.00444641,57122
R15-0158B.bmp,3.653743986,122.9728016,0.003298862,63493
R15-0166A.bmp,3.577509348,138.2012681,0.088428694,42711
R15-0166B.bmp,6.360192673,143.9371135,0.008347609,60200
R15-0170A.bmp,2.428007383,115.9662589,0.081291479,55291
R15-0170B.bmp,4.293527147,97.55636336,0.083603139,31493
R15-0179.bmp,2.064957732,97.63816886,0.075248967,36004
R15-0181A.bmp,3.364597212,161.0596895,0.095791137,82699
R15-0181B.bmp,7.089984077,139.6643961,0.123431656,66719
R15-0182A.bmp,2.35965852,144.1015287,0.101298841,82736
R15-0182B.bmp,6.146419444,152.7546944,0.061139066,25249
R15-0185A.bmp,2.736912075,114.3957801,0.092793996,31709
R15-0189A.bmp,4.360251387,135.8743978,0.06708097,30501
R15-0189B.bmp,4.871501757,138.9811051,0.063621285,21080
R15-0197.bmp,2.913480169,141.7568584,0.01351243,66585
R15-0207A.bmp,2.721683871,150.787002,0.08097691,42665
R15-0207B.bmp,4.101885182,171.1521043,0.003969651,77550
R15-0209.bmp,4.070157161,146.5175669,0.078419915,34872
R15-0214A.bmp,4.195956017,144.291218,0.006384586,47086
R15-0214B.bmp,3.722745078,154.8801766,0.095827133,79894
R15-0228A.bmp,2.303314226,169.6024482,0.007321181,108885
R15-0228B.bmp,2.116766545,165.7431914,0.104792038,47977
R15-0230A.bmp,7.113806718,151.145546,0.082575941,58815
R15-0230B.bmp,7.275294011,151.6055694,0.057471346,12669
R15-0239.bmp,4.318991034,137.4023482,0.07735152,77985
R15-0241.bmp,4.877468311,146.524103,0.071678767,65060
R15-0245.bmp,2.330204095,132.9586911,0.004472669,70703
R15-0262.bmp,5.922845573,122.9437057,0.003775504,55244
R15-0265.bmp,4.328250237,129.8510719,0.004888256,86428
R15-0279.bmp,4.117716479,134.2141728,0.075312945,67275
R15-0290.bmp,2.422881057,141.6133017,0.003948536,93109
R15-0300.bmp,2.432259671,124.8211119,0.007012473,50977
R15-0302.bmp,3.967808583,103.9331551,0.063710647,39917
R15-0304.bmp,8.800799113,118.7253272,0.005821878,52428
R15-0308A.bmp,3.70045665,163.9222194,0.07947689,45010
R15-0308B.bmp,2.971339106,166.9451468,0.055381366,18877
R15-0312.bmp,2.393291277,168.6200697,0.003846515,115009
R15-0317.bmp,2.179541752,172.3705041,0.112066616,68843
R15-0318.bmp,2.163194069,162.5414617,0.005658906,94897
R15-0323.bmp,2.623526305,131.5024821,0.005411148,101721
R15-0338.bmp,9.346454527,160.3194053,0.061943889,47653
R15-0345A.bmp,5.680908782,143.4768831,0.101121652,66377
R15-0345B.bmp,5.702525393,145.6573681,0.047796638,26490
R15-0347A.bmp,2.128125963,146.9429115,0.007996777,56129
R15-0347B.bmp,3.391000925,152.3019555,0.005078177,41514
R15-0353A.bmp,2.789480106,132.0808433,0.096729354,37685
R15-0357A.bmp,5.269006274,152.8968225,0.096937255,72868
R15-0357B.bmp,2.04098027,150.0133828,0.006963235,35879
R15-0365.bmp,2.421336921,148.8391066,0.004364046,98893
R15-0372A.bmp,1.790998666,105.8569286,0.089529925,56448
R15-0372B.bmp,2.824765366,140.4049594,0.097878993,62420
R15-0382.bmp,4.489636098,149.3073434,0.004665809,70105
R15-0385.bmp,4.042335439,147.5428068,0.003872193,73990
R15-0386.bmp,6.445389897,156.8488564,0.096682961,62298
R15-0390A.bmp,4.937759672,166.2202853,0.103480948,79905
R15-0390B.bmp,5.32148057,168.7349198,0.005103674,41778
R15-0394B.bmp,4.485428328,125.8593938,0.095134107,64441
R15-0396.bmp,3.565231755,115.7770982,0.105547507,73107
R15-0399A.bmp,5.279148809,125.8929032,0.11346079,73706
R15-0399B.bmp,3.376731632,125.7986553,0.00451683,77263
R15-0409.bmp,4.92265011,135.0237187,0.055909817,44652
R15-0410.bmp,3.655170009,121.1003153,0.058521003,22440
R15-0420B.bmp,2.768215148,118.5297927,0.081551526,38798
R15-0427A.bmp,4.517146652,175.8274399,0.055280136,33707
R15-0427B.bmp,3.377327115,171.2824177,0.080065677,37907
R15-0430A.bmp,3.248903479,151.2833481,0.087910186,38233
R15-0430B.bmp,6.748943732,163.4921511,0.061826863,27529
R15-0436A.bmp,5.329694871,140.8615943,0.004893328,62630
R15-0436B.bmp,3.982025051,133.6155297,0.08665237,51525
R15-0444.bmp,3.017620696,132.6329513,0.100624803,87375
R15-0448.bmp,3.370430425,171.9176339,0.093946154,44465
R15-0452.bmp,3.273541186,159.8627228,0.004266354,85087
R15-0458.bmp,6.116870353,112.9983801,0.104320439,50737
R15-0459.bmp,4.964450921,112.7359183,0.098443996,62870
R15-0464A.bmp,2.478302613,109.4259883,0.0649516,33551
R15-0464B.bmp,3.128369317,114.6112457,0.00572043,53296
R15-0474.bmp,4.895712145,128.6399448,0.008849309,82679
R15-0489.bmp,2.158387893,124.876019,0.075551412,50568
R15-0498A.bmp,2.550757713,148.1071872,0.007856426,99485
R15-0513A.bmp,2.462048819,141.8509957,0.092369628,46029
R15-0513B.bmp,2.769980727,134.7156636,0.085433865,27088
R15-0515.bmp,3.44863253,128.3990328,0.008253925,47168
R15-0519.bmp,2.465279122,127.232637,0.003787541,112736
R15-0539A.bmp,4.245285134,190.0775926,0.005962849,47713
R15-0539B.bmp,5.580010283,173.9705504,0.005368779,67417
R15-0543A.bmp,3.077524635,101.1856643,0.095085585,44568
R15-0543B.bmp,3.452382315,102.0621891,0.108131162,52399
R15-0553.bmp,3.919751822,130.1712205,0.007840761,77872
R15-0566.bmp,3.178252083,118.6229359,0.011009677,69260
R15-0573.bmp,5.098479984,113.4830364,0.054255315,28496
R15-0590.bmp,5.18533222,122.2806181,0.073909908,32286
R15-0591.bmp,3.742397616,139.5339547,0.002891219,95311
R15-0598.bmp,2.855427478,154.0506486,0.089152465,29945
R15-0613.bmp,1.659511041,112.5042453,0.118727152,97084
R15-0615A.bmp,3.299623583,114.5809114,0.074449034,71747
R15-0615B.bmp,2.846346944,101.2742081,0.091009444,61763
R15-0623A.bmp,3.882916144,153.7302162,0.004729214,77573
R15-0623B.bmp,3.233780419,135.777357,0.069419338,45092
R15-0625.bmp,5.722373568,148.5373814,0.010014817,71005
R15-0628.bmp,3.390188597,110.8674625,0.006514636,53419
R16-0008.bmp,3.70874657,129.4848366,0.012118731,39052
R16-0012.bmp,3.043087393,137.9746731,0.075477516,18503
R16-0024.bmp,2.332842704,195.125334,0.013213834,33378
R16-0068.bmp,4.237489219,104.0788623,0.00525046,74998
R16-0072.bmp,2.021936367,125.2414929,0.096406647,50614
R16-0078.bmp,4.606052182,90.78748801,0.009867439,83391
R16-0089.bmp,3.246273444,142.8592295,0.082516719,19461
R16-0094.bmp,4.164448113,128.4236866,0.079255498,51268
R16-0099A.bmp,2.830883222,104.8397713,0.01033712,103203
R16-0099B.bmp,4.145973436,96.47179282,0.004487799,64995
R16-0104B.bmp,3.351680983,155.9896634,0.009780538,35635
R16-0115A.bmp,3.183132726,119.68913,0.003617833,100922
R16-0115B.bmp,1.713975021,112.1310521,0.003449044,93536
R16-0133.bmp,1.958980681,140.9287482,0.10232485,64562
R16-0137.bmp,4.352679727,99.46437047,0.067620719,41955
R16-0179.bmp,2.425759465,100.1576984,0.004890226,40892
R16-0181.bmp,2.859008611,109.3505339,0.086690991,17794
R16-0197.bmp,5.851873233,156.6436366,0.095606338,27356
R16-0199.bmp,7.610788197,151.4772186,0.085877529,61539
R16-0232.bmp,3.493553182,147.1808968,0.014725685,67107
R16-0237.bmp,3.754449259,169.6958991,0.012832823,110402
R16-0261.bmp,2.553634127,182.7823383,0.005700476,53193
R16-0306.bmp,4.85777161,165.1688138,0.008225558,62861
R16-0314A.bmp,3.684730711,148.6874564,0.005111724,34342
R16-0314B.bmp,4.554919855,148.8131074,0.086726478,36913
R16-0338A.bmp,5.925733646,117.9007868,0.068964708,23814
R16-0338B.bmp,4.377486327,115.6846568,0.017738778,83016
R16-0397.bmp,5.847133855,181.393202,0.004908476,70993
R16-0406.bmp,4.358064962,167.694378,0.122566001,55932
R16-0410.bmp,6.981972417,178.6688223,0.013093035,69844
R16-0416A.bmp,3.206899237,95.88713433,0.089845352,29206
R16-0416B.bmp,5.440389084,87.43689057,0.097709211,76896
R16-0455.bmp,4.049034064,147.9492918,0.11335499,37877
R16-0462.bmp,3.923578425,180.6417553,0.115148484,48952
R16-0466.bmp,5.616770478,179.3158141,0.004047279,53278
R16-0476.bmp,3.54265545,134.0059685,0.013596076,84466
R16-0487.bmp,3.364285856,137.9784222,0.004247037,57171
R16-0488.bmp,3.267950151,131.1404168,0.003777537,61612
R16-0495.bmp,5.809785717,169.8496887,0.01589837,51491
R16-0499.bmp,1.763527576,127.9742226,0.007768948,50511
R16-0520.bmp,4.186584703,180.8182979,0.096110933,88056
R16-0537.bmp,2.309200497,145.6348258,0.004496203,92525
R16-0546.bmp,4.43597424,123.4461759,0.070228359,30292
R16-0548.bmp,2.777511112,184.7407303,0.092233041,42345
R16-0556.bmp,2.619646307,121.0524696,0.004692999,85908
R16-0573.bmp,6.650774727,166.3886745,0.062976389,33021
R16-0592.bmp,2.413019876,140.5493729,0.007676528,74111
R16-0600A.bmp,5.970132681,188.8679258,0.093666064,32783
R16-0600B.bmp,4.02419313,191.7690113,0.008171286,39414
R17-0002.bmp,3.612202011,176.6943298,0.015205328,66785
R17-0008.bmp,3.824926665,194.0975704,0.089126895,51433
R17-0049.bmp,7.29864219,180.9973723,0.095751748,27620
R17-0069B.bmp,7.253251262,162.6786721,0.005758512,57799
R17-0074.bmp,4.016801117,178.685104,0.008257022,79865
R17-0086.bmp,5.687221857,170.6224497,0.00463311,70970
R17-0087.bmp,2.781334212,157.3288102,0.015815341,78203
R17-0095A.bmp,5.125664019,175.4386803,0.004285744,81659
R17-0095B.bmp,9.466417889,175.3625936,0.094683196,53430
R17-0107.bmp,5.556536014,193.6574916,0.092642276,46317
R17-0124.bmp,2.743937706,192.7626829,0.107981268,61460
R17-0138A.bmp,11.30486212,193.2792549,0.006020878,57418
R17-0138B.bmp,3.955858363,195.918439,0.011194082,44421
R17-0153.bmp,2.893439439,153.3288223,0.011327521,93056
R17-0180.bmp,2.729967633,181.2068166,0.00557451,38393
R17-0181A.bmp,6.168000973,181.0979978,0.086661372,26097
R17-0181B.bmp,3.406859384,154.4176496,0.005458144,37951
R17-0206.bmp,3.287059704,148.989902,0.101293226,17014
R17-0223B.bmp,4.796299321,121.6603644,0.005335912,31696
R17-0244.bmp,3.31040671,145.140096,0.006898477,46292
R17-0253.bmp,5.615213189,186.5167801,0.00809133,58726
R17-0262.bmp,5.029077984,150.9655745,0.00627212,61888
R17-0269.bmp,3.57926839,139.1551589,0.005741185,80698
R17-0283.bmp,1.525914844,171.5208027,0.00694277,59320
R17-0314.bmp,2.443646593,105.6013169,0.096990632,61577
R17-0323.bmp,3.54099849,139.4864684,0.080187065,38375
R17-0324.bmp,3.931335509,124.4370184,0.003926876,45300
R17-0328.bmp,4.142010598,192.1490285,0.007838953,40330
R17-0344.bmp,4.726035076,193.4824408,0.12492806,61581
R17-0349.bmp,3.998101451,114.8035071,0.090651321,71535
R17-0365.bmp,4.365784751,108.211367,0.010334612,71562
R17-0384.bmp,2.855618918,130.9548361,0.0061604,56651
R17-0399.bmp,2.743142164,138.0505627,0.012324729,49968
R17-0402.bmp,1.887849505,127.6537236,0.092071658,46195
R17-0406.bmp,7.5240695,110.0940923,0.0046151,79181
R17-0407.bmp,3.114448472,105.0603277,0.020360848,92606
R17-0423.bmp,4.994283861,104.4996737,0.095967933,26546
R17-0425.bmp,1.46358042,102.1216234,0.005541336,127275
R17-0427.bmp,3.072207506,169.8610085,0.105651542,53879
R17-0429A.bmp,7.717111138,165.7154454,0.081891598,41301
R17-0429B.bmp,7.459856003,147.3680726,0.082907043,41334
R17-0434.bmp,4.690375911,140.7777826,0.087181052,31310
R17-0436.bmp,2.52534947,135.3279738,0.004524663,48582
R17-0439A.bmp,4.450715102,114.9502688,0.067477131,18447
R17-0439B.bmp,4.313221116,125.1391066,0.079010379,27507
R17-0443.bmp,4.153207774,101.9195815,0.098958688,66863
R17-0497.bmp,6.369977951,112.0050861,0.071935842,19799
R17-0498A.bmp,4.211731297,114.8776232,0.012913492,65770
R17-0498B.bmp,5.343418568,102.1466459,0.006612969,37436
R17-0499.bmp,6.769347749,130.0027964,0.00570284,48202
R17-0537A.bmp,6.21954609,188.7885697,0.005659434,31980
R17-0537B.bmp,4.123180308,191.6079017,0.072059397,32233
R17-0543A.bmp,5.970707636,116.8363566,0.067473498,55802
R17-0543B.bmp,5.739580082,117.3018901,0.006429233,57607
R17-0567B.bmp,3.532220629,150.3955848,0.081965903,22506
