Image,Lesion_Area,Lesion_Intensity,Shape_Complexity,Centroid_X,Centroid_Y,Bounding_Box_Width,Bounding_Box_Height
cju13cgqmnhwn0988yrainhcp.jpg,43648,143.99890029325513,0.16163607607187844,349,397,224,264
cju13fwthn9mq0835gacxgy01.jpg,47081,128.60735753276268,0.10929397760498702,477,132,272,251
cju13hp5rnbjx0835bf0jowgx.jpg,36193,116.28383941646175,0.16846573909319693,105,210,224,236
cju14g8o4xui30878gkgbrvqj.jpg,9104,135.37862478031636,0.14072634417462784,493,214,104,120
cju14hjh2ob2o0835ouz3r5aa.jpg,43067,89.50716325725033,0.11404439749532988,480,373,240,256
cju14pxbaoksp0835qzorx6g6.jpg,24619,156.48259474389698,0.1144910631901042,247,83,208,160
cju15czxqp3lv0835jvhgzurz.jpg,94391,145.83306671186872,0.11535415031846065,233,293,416,407
cju15jr8jz8sb0855ukmkswkz.jpg,100054,182.27838966957842,0.15264291767082067,377,163,352,376
cju15l5ubz9yh0855b3ivdpse.jpg,12595,169.55323541087733,0.12272547140096579,255,262,150,127
cju15mhjczc8z0801kit5c6di.jpg,47135,175.09861037445634,0.1261621466120317,465,158,264,256
cju15ptjtppz40988odsm9azx.jpg,20575,138.87066828675577,0.10254548670669791,457,216,208,160
cju15wdt3zla10801odjiw7sy.jpg,55110,146.44440210488114,0.16006888014181672,439,394,264,289
cju160wshltz10993i1gmqxbe.jpg,9089,142.1144240290461,0.13354424733659978,466,324,102,128
cju16ach3m1da0993r1dq3sn2.jpg,88648,164.01269064163884,0.11232095758872754,260,320,352,344
cju16b6ynq8e40988m8vx0xnj.jpg,6061,122.96848704834186,0.09875361313677619,127,105,96,96
cju16d65tzw9d0799ouslsw25.jpg,12551,145.06015456935702,0.13117614501345146,293,288,112,165
cju16fpvhzypl0799p9phnlx6.jpg,37453,134.90035511174005,0.09982701849891219,370,314,254,236
cju16jgnyzp970878melv7r25.jpg,35757,137.78924406409934,0.10735092957162869,390,342,256,232
cju16whaj0e7n0855q7b6cjkm.jpg,91917,119.31211854172787,0.05535888439600342,317,209,480,372
cju171py4qiha0835u8sl59ds.jpg,121626,161.83313600710375,0.12876206368445572,429,180,416,424
cju175facms5f0993a5tjikvt.jpg,77251,178.74153085396952,0.09411151409594883,222,362,440,311
cju17bz250pgd0799u1hqkj5u.jpg,32167,124.4918394628035,0.12298737241370922,352,137,190,272
cju17g6ykn1cs0993dww6qdi8.jpg,98963,169.12920990673283,0.11466938426735061,290,302,424,390
cju17hw9hr9c5098800fu4u8e.jpg,8452,159.92557974443918,0.18872534043006145,276,216,128,88
cju17otoe119u0799nqcbl8n1.jpg,165769,164.81836772858617,0.16276118003902995,292,305,511,455
cju17r8il13910799dr2wme2e.jpg,4331,97.12560609558993,0.136521251272115,411,240,72,80
cju17v6ih0u7808783zcbg1jy.jpg,117334,154.51338912847086,0.12014001909780037,201,220,344,448
cju17x0j4nfc10993y31pvlgs.jpg,171013,140.25867624098754,0.23543821063433362,255,310,459,526
cju17z0qongpa0993de4boim4.jpg,17634,171.04780537597821,0.1038867294253649,403,344,152,163
cju1819curo000988pd5xcqme.jpg,35192,174.59252102750625,0.13601836473866638,366,370,240,208
cju183od81ff608017ekzif89.jpg,50421,107.3267091092997,0.1296224922101854,476,283,192,224
cju1871y11d6r0799k6cw4yze.jpg,40059,160.59896652437655,0.15025403548903854,101,309,224,240
cju18849rrsgr0988p90hkygb.jpg,38538,194.63054647361045,0.1362568037025149,287,211,264,184
cju18gzrq18zw0878wbf4ftw6.jpg,27341,194.3338941516404,0.091042853348936,482,202,248,200
cju18ibp219ub08783i6o98g7.jpg,6434,170.83120920111907,0.11934740940905525,494,381,77,112
cju18kevfrojc0835bn90f1in.jpg,18512,145.22363872082974,0.10464345468168951,337,411,224,151
cju2yb31a8e8u0878wdashg7o.jpg,58100,123.63244406196213,0.13465126096889926,451,274,256,304
cju2ycp1u8g2r0799jslnp7cz.jpg,34706,136.89422578228547,0.10183676329658685,362,244,208,256
cju2yg5ht8i4p087800js8hp4.jpg,60600,183.23348184818482,0.11803298610930578,429,217,224,376
cju2yi9tz8vky0801yqip0xyl.jpg,86643,192.28814791731588,0.18044354070451363,203,181,312,387
cju2yljr0yzhw0988ecf271ly.jpg,281641,179.80489701428414,0.14212856242787944,502,379,688,584
cju2yo1j1v0qz09934o0e683p.jpg,106240,128.97783320783134,0.15668543490737336,469,343,346,450
cju2ysg748ru80878sp6j0gm0.jpg,97461,88.53492166097207,0.0850432658602655,266,295,312,467
cju2yv4imv6cz099314jveiib.jpg,37272,97.83974565357373,0.11696455068906905,372,420,248,200
cju2yw4s7z7p20988lmf2gdgd.jpg,24184,142.1004796559709,0.12906407802123895,492,187,163,200
cju2yyhsp933j0855hp32e012.jpg,52875,190.49560283687944,0.10387808804481347,471,226,216,323
cju2z1nxlzaj40835wj81s1iy.jpg,74567,115.11298563707807,0.12252899232674477,283,226,310,360
cju2z2x3nvd3c099350zgty7w.jpg,19983,162.85367562428064,0.13656139387518054,282,201,128,208
cju2z45kuzf6d0988nz2c819m.jpg,10890,179.99908172635446,0.1075644602443585,231,272,112,144
cju2z6ez69g4u0801qwt088lw.jpg,105193,141.6267147053511,0.10982241658228686,237,204,320,448
cju2z9vlp9j0w0801oag91sy9.jpg,23414,117.83573930127274,0.0988893390143508,237,304,224,192
cju2zblxw9848087853csbrx1.jpg,29863,143.10363995579814,0.09995138265392174,370,250,184,239
cju2zdhsczmn50988z64qwg2q.jpg,46255,133.38659604367095,0.1041847882014394,487,241,192,264
cju2zdvjn9h7r08553cp4eed5.jpg,10839,115.53888735123166,0.15688087259640351,98,210,120,120
cju2zgbj9zmrw0835nnlzxj4c.jpg,104202,126.49075833477285,0.1084322989970669,292,228,432,384
cju2zi4l09f5807991s8do2b2.jpg,34447,149.99378755769735,0.1562769199437743,301,180,256,183
cju2zjcvj9qma0801dk71hhi0.jpg,123849,138.475304604801,0.10646012661510715,354,279,296,464
cju2zkpdl9h7t0799ix60teqg.jpg,15812,174.499873513787,0.10737338369268398,361,203,120,192
cju2zm0axztpe0988r8s9twjr.jpg,24170,131.39147703765,0.11564676104203842,315,110,160,224
cju2zo0fwzv580988qlijd2xa.jpg,28277,165.71096650988437,0.1392878775103673,329,224,144,187
cju2zp89k9q1g0855k1x0f1xa.jpg,9446,145.53355917848825,0.1243540622054196,380,295,120,112
cju2zpw4q9vzr0801p0lysjdl.jpg,11142,137.77284150062826,0.14501452269384846,286,215,112,143
cju2zr3c3vwb00993jn06bbaz.jpg,16473,162.02130759424512,0.1438992573730682,293,338,152,152
cju2zrojo9kcd0878ld2epejq.jpg,14984,166.3128003203417,0.1129676786086103,428,133,117,192
cju2zwg05a0oy0801yr73ig7g.jpg,38588,197.6518865968695,0.10885694885419328,482,253,168,328
cju2zxja9w1eh09933609ho9z.jpg,12435,137.09811017289908,0.0913352827267407,371,316,120,152
cju2zy1e49pqk0878t6ncqn12.jpg,11315,103.46354396818383,0.11072871994873906,420,422,144,120
cju300m3s04fg0988uzupuf7z.jpg,58187,157.48175709350886,0.11834560898754015,229,97,352,216
cju302fqq9spc0878rrygyzzz.jpg,70638,114.71205300263314,0.15509185262929956,173,180,256,359
cju303j5r062k098835zxfds5.jpg,29111,139.3009858816255,0.15531635138161243,297,213,224,187
cju30525w04r10835ygp257sb.jpg,32459,113.67454326997135,0.12971723045425068,397,351,256,183
cju306x7w05nb0835cunv799x.jpg,55598,133.28456059570487,0.1601909659037275,251,158,280,264
cju30ajhw09sx0988qyahx9s8.jpg,96011,147.29103956838279,0.09564512437222884,507,293,286,448
cju30bmab08bi0835mvlr6e0r.jpg,33271,123.73054612124673,0.15389992781643402,258,181,232,192
cju30df2j09dd08351ayx2t6w.jpg,37930,126.53986290535197,0.12375013668509685,274,324,232,256
cju30ftgja7170855xl9bkdm0.jpg,94822,145.1647086119255,0.09902208096329229,362,246,360,416
cju30gxjq0djk0988jytm49rs.jpg,27534,170.93705963535993,0.13387338528217435,425,257,192,207
cju30ia8da2bq0799klnehml2.jpg,136443,134.85583723606194,0.1134993036565114,383,329,456,531
cju30j1rgadut0801vuyrsnt8.jpg,7943,128.38864408913508,0.098741912098035,225,229,101,128
cju30k2z40ds308353kdew70n.jpg,29628,193.86445254488996,0.11161745727819584,292,347,192,204
cju30lncba3ny0878jwnous8n.jpg,21740,132.0841306347746,0.11954723153984156,296,169,198,176
cju30mm25a53s0799qa5wiqe8.jpg,8589,158.09884736290604,0.14746546836145052,346,376,128,96
cju30nyxe0gfb0835p256yoju.jpg,169749,121.95584068241934,0.15329621772168028,347,217,520,448
cju30ov1oah920801mi8thuyg.jpg,9996,174.75570228091237,0.16609400711244096,464,149,88,144
cju30qbm1ad3x0855znuhpz9u.jpg,102879,120.1801145034458,0.16594960422055322,268,345,360,377
cju30u1hbakn808019g15nb8b.jpg,19944,145.7501002807862,0.13466732467987708,257,297,173,183
cju30xqmh0ni00835ix3batv1.jpg,68444,181.04564315352698,0.10969804254319747,189,285,296,376
cju30ywtc0oar0835bp2en7ec.jpg,202523,173.83239434533363,0.11870333990099667,338,641,536,520
cju310f6val1v0855xo8tc3gu.jpg,192825,128.60826137689614,0.14667825016089517,299,224,573,456
cju3128yi0rpu0988o4oo5n8n.jpg,14176,187.17536681715575,0.11750554435433257,431,312,128,160
cju31rb7vb6110801p9rhacuw.jpg,18040,162.79656319290464,0.12064465505200071,402,208,150,176
cju31t8xd17bk0835rnb893jk.jpg,2263,164.62306672558552,0.1947630727179845,445,420,56,40
cju31ugmfb3dz0855xtqshki6.jpg,28071,152.40967546578318,0.1353348389840384,305,220,208,182
cju31w6goazci0799n014ly1q.jpg,44477,122.87546372282303,0.10232877922838182,115,229,200,328
cju31y80qbawn0801twwm2l5s.jpg,54915,139.27757443321497,0.11564931259826515,325,269,288,288
cju320gyvbch60801v2amdi2g.jpg,66659,111.10832745765764,0.058917263002014254,419,184,328,376
cju323ypb1fbb0988gx5rzudb.jpg,123643,113.38290077076745,0.1430051345089104,276,355,456,354
cju324q101fhe08350wae9cif.jpg,33274,142.67247700907615,0.11468819156580702,235,168,173,280
cju326h4v1gxw08352px40p7r.jpg,127516,147.40224756109038,0.14095066494260589,302,334,438,432
cju3280wv1ir009882jze27tc.jpg,45562,92.94657828892498,0.13890784110937363,286,321,256,244
cju32a52lb9rc0799xi40qs00.jpg,119124,160.43332997548774,0.128225257727,375,325,360,373
cju32csyfblyh080170aa3x5p.jpg,42191,122.20513853665474,0.18175996783557968,317,305,248,214
cju32fhnhbds40799broyoptc.jpg,17572,189.4058160710221,0.13358942999444887,347,223,120,197
cju32gzs6xo8x0993r8tedbpb.jpg,46646,139.15034515285342,0.1325194614961037,83,212,174,312
cju32jcdabepz0878d0cznmfe.jpg,47844,147.47748934035616,0.12879709479305262,431,263,232,280
cju32l161bi1v07990vm376in.jpg,11051,148.1092208849878,0.18227779284978837,585,297,86,166
cju32phw2bv130801yj7bkouq.jpg,195076,131.2049713957637,0.09809410730008429,283,235,584,528
cju32pzh9bpw10855q4vaxfhe.jpg,19435,147.69081553897607,0.15025790771291309,319,146,160,168
cju32qr9tbvsj08013pkpjenq.jpg,23388,160.44565589191038,0.10320406244692852,331,214,176,208
cju32srle1xfq083575i3fl75.jpg,22640,168.2684187279152,0.09380234691482797,458,213,192,176
cju32upim1z7u0988l883nqp6.jpg,37802,147.22234273318873,0.13566358622415545,332,226,240,232
cju32zhbnc1oy0801iyv1ix6p.jpg,85562,99.75872466749257,0.08368296581058933,467,279,320,440
cju330ofbc2l30801th5g3hw6.jpg,11144,124.7270279971285,0.11073899394614323,372,397,128,136
cju33231uy4gi0993qc7b1jch.jpg,20342,99.6689116114443,0.05889999401018007,389,283,197,224
cju334jzo261t0835yqudnfs1.jpg,67125,165.8699739292365,0.18471189866631213,486,263,287,319
cju336l68y7if0993wf092166.jpg,71329,164.71684728511545,0.14298126740182002,308,339,381,304
cju3381d8bz3h07991xtl7ra0.jpg,15831,125.8993114774809,0.13529111788040132,239,211,141,168
cju33belnbyhm0878yxl42233.jpg,22981,142.21735346590663,0.13325957230004173,249,183,144,152
cju33eqwbcch208012jikwdky.jpg,49307,97.78362098687813,0.09428601608489293,436,416,328,256
cju33jon3ygbj0993pu22a4k6.jpg,14951,196.76202260718347,0.1009027623273335,313,451,184,136
cju33mirdc8mj0799k33wzoes.jpg,59959,153.01039043346287,0.0978341173247005,405,335,304,296
cju33o12x2jm50988944mxq0v.jpg,11624,156.21128699242945,0.1668548872676591,340,305,120,128
cju33qpdvc9g0087825jhf3s9.jpg,11935,145.38508588186008,0.13926002030150203,190,327,144,152
cju33w4sdcivk0855x879zht7.jpg,26623,127.29271682379897,0.09400352860665688,324,268,173,256
cju33x0f22peh0988g0ln7w5v.jpg,8957,166.6326895165792,0.1206179969121077,339,257,112,112
cju33yemn2qb20988wfjxximx.jpg,14481,122.05407085146054,0.09076855917741875,355,335,200,128
cju33za6l2qy70988jhrlp2ev.jpg,20514,151.84863995320268,0.09679288849427341,131,192,110,272
cju34aozyyy830993bn16u32n.jpg,87971,134.18917597844745,0.09078201155540097,308,243,312,480
cju34c1xfyz920993itxkkfad.jpg,76384,124.93825932132384,0.10604432912134915,244,318,344,352
cju34ds2531520988qjpqt6e3.jpg,61536,110.07722308892356,0.07926976427078818,302,220,296,360
cju34eqjpcpm508788b3lhp97.jpg,30591,138.2442221568435,0.13659329623896538,412,314,176,232
cju34fojcctcf0799ebolbvkn.jpg,10125,147.33837037037037,0.0987992346545631,491,162,104,149
cju34i3qvcyog0855qiejxx5w.jpg,96692,143.34281016009598,0.08819515308352131,351,220,368,424
cju34m7h536wq0988xz7gx79v.jpg,34927,131.73029461448164,0.10423423671172799,274,436,350,235
cju34o6dbd2lo0855aqlcy1hs.jpg,14255,126.95783935461242,0.21737239414982826,386,47,168,112
cju34ouumcznz07996gg1xq7v.jpg,61695,139.0521274009239,0.15149542419038484,304,290,288,288
cju34repocy5208780gswillm.jpg,75359,175.27826802372644,0.12384165319829435,235,412,424,249
cju34sh43d8zm08019xbwhc0o.jpg,39622,133.83342587451415,0.14062387458807565,235,337,232,295
cju34uhepd3dd0799hs8782ad.jpg,9061,162.24953095684802,0.13075472909415645,320,215,112,128
cju34xspwzenf0993cyzajv9n.jpg,66813,105.65324113570712,0.1231327798790535,358,232,272,276
cju34ymm8d6700799uop0cw33.jpg,16851,176.71461634324373,0.11491385196761585,276,418,184,152
cju34zivp3fq80988opxbaqyn.jpg,23094,150.16692647440894,0.14099962358659685,284,220,168,184
cju3518w2d838079939fqztbc.jpg,57573,115.6861202299689,0.12310732813178445,368,406,336,289
cju3521y5d5mq0878t3ezsu4p.jpg,20975,91.18541120381407,0.13415334326521136,356,245,160,200
cju353d1eda8c07992afde611.jpg,30897,102.07615626112567,0.1797452579741175,535,172,174,208
cju35740hzm0g0993zl5ic246.jpg,12115,81.5711101939744,0.11072002173539364,323,368,112,176
cju357rxxdaz30878y2esjpjt.jpg,10447,109.26572221690438,0.12605412886596137,307,82,128,120
cju358pwtdby20878cg7nm0np.jpg,14502,140.5262032823059,0.0958459479432305,171,239,128,168
cju35a77vdj4n08556jj2lgmc.jpg,83330,145.6780631225249,0.1736537247473573,271,345,320,370
cju35atpxdjot0855q46aqrd0.jpg,28041,147.26903462786635,0.16189858391628967,218,81,224,168
cju35c4wzdhow0799h6eq4sgs.jpg,39810,89.99158502888722,0.12928556047820486,480,385,303,248
cju35eg0tdmjt085525sb4bua.jpg,25326,160.42774224117508,0.13053683839033636,416,294,184,200
cju35fxqyzt5p0993vusm54qz.jpg,53224,133.35038704343904,0.11642982397611672,288,345,224,344
cju35i2e63uxr0835h7zgkg9k.jpg,57834,147.67885672787634,0.10490116562095325,337,278,216,416
cju35k2fr3vc50988c85qkrwg.jpg,20949,131.3135233185355,0.13461401317755478,226,387,120,152
cju35ldepdtlm0801yv79y8vu.jpg,17691,91.90130574868577,0.11254946483411928,185,131,158,160
cju35mdz73x890835eynq1h9v.jpg,43416,135.55253823475218,0.19298678555012463,306,262,256,221
cju35oyvd3y850988km12hdz1.jpg,27656,128.93332369106162,0.0976954572405471,166,247,232,176
cju3tp94kfstl08181awh6z49.jpg,193944,121.22525574392608,0.1164346203940617,295,244,560,511
cju3tsh4lfsok0987w6x3a0v1.jpg,125638,132.32471863608143,0.07450816699904016,308,183,552,368
cju3ttznuftyf09875t11850w.jpg,35699,142.2264209081487,0.1384645288438513,403,324,256,188
cju3tvffffx5f0818t5ov22al.jpg,76646,103.52724212613835,0.14675332041663763,246,164,312,320
cju3tx1qyg0c907552fglumhc.jpg,26770,157.99010085917072,0.12780744713461945,299,69,240,152
cju3u1c8tfyqx08503iedc3mx.jpg,51271,145.7841859920813,0.11622241859287748,244,236,456,157
cju3u39fog1bo0871lxjrabks.jpg,107078,152.38174041353034,0.1851097868419494,606,137,454,312
cju3u4lxmg59o0755rz42b9en.jpg,45322,128.05952958827942,0.11687230545931922,369,371,226,296
cju3u815rg4ek0850vvhtcvcm.jpg,147858,127.67197581463296,0.13773168957669352,298,254,582,344
cju3ua8u0g9rg0801uayhdxhu.jpg,47647,149.27588305664574,0.15089839352303278,333,346,264,248
cju3uhb79gcgr0871orbrbi3x.jpg,18008,149.77715459795647,0.12416650369732453,483,270,62,80
cju3ul8dogf1z09872y2ecowp.jpg,16005,182.51977507029054,0.16948109874503603,449,272,114,192
cju3umoh1geet0817cmpef5am.jpg,35261,140.0633277558776,0.11133433492857082,295,413,224,227
cju3uwz6ogsp10801h2r3bj5l.jpg,23706,178.99561292499789,0.10904340595033181,217,325,256,163
cju3uz4o6gr9z0850lhxyxvsj.jpg,301254,149.0590730745484,0.16338914494782306,599,468,600,640
cju3v0fl3gwce0755qkjhzmd4.jpg,73206,120.0588203152747,0.15223497917584683,415,307,328,315
cju3v11mrgwwb0755u242ygye.jpg,25385,157.6369903486311,0.13614525454294737,342,333,232,144
cju3v3ac9gyz30755hfqwyp1i.jpg,23402,149.19340227330997,0.13096721908329179,325,138,168,208
cju3v56bwgy8v0871w14pz8fx.jpg,49847,100.29939615222581,0.13446118559655434,270,113,232,176
cju3v664kh0px0818y4y7wolf.jpg,21038,153.31680768133853,0.14679016004926276,426,229,160,184
cju3v72v5h1qz0818fggilwtq.jpg,12475,171.7246492985972,0.13286337174474416,242,329,150,120
cju3wstckialg0871xs0vevsj.jpg,100573,153.43724458850784,0.11742912307806937,284,186,405,336
cju3x2s11ibzi0817kk284k0j.jpg,34319,172.47425624289752,0.11566280208698966,195,299,246,248
cju3x4blzieu30850x10uuvbm.jpg,88831,203.91347615134356,0.13404056349007035,536,439,320,317
cju3x5u2tiihx0818914gzxy1.jpg,80532,88.35412010132617,0.1967632320245029,345,378,304,322
cju3x7xsaijq80818f0psavav.jpg,40470,136.14689893748456,0.13987530024002462,342,367,240,231
cju3x9lttikfb0818a0g104zn.jpg,18690,158.67212413055108,0.09859871543161192,306,199,144,216
cju3xeexgii1j0817zs68tb4g.jpg,113764,157.5176505748743,0.07754270953217064,359,232,504,360
cju3xga12iixg0817dijbvjxw.jpg,97655,150.6936869591931,0.14031270377098243,196,192,422,343
cju3xhpvvimda0987ygrpzni2.jpg,30260,105.17742894910774,0.09895990842670913,409,197,200,232
cju3xiic0ilzp0850lusrb42j.jpg,9148,159.7790773939659,0.10656059927703453,274,203,160,88
cju3xjqtpikx50817tppy6g84.jpg,49917,129.87841817416913,0.11658089467858844,470,287,301,256
cju3xl264ingx0850rcf0rshj.jpg,34599,118.93777276799908,0.13363098653631736,501,243,224,224
cju3xtufwiv9c0818djsc4cqd.jpg,18833,158.68624223437584,0.10539437324153145,342,316,160,176
cju3xuj20ivgp0818mij8bjrd.jpg,10336,181.36580882352942,0.16464206052206903,305,185,125,112
cju3xvoo2iqlc0817eku2r3wl.jpg,12551,114.51398294956577,0.19096230232454092,387,378,126,123
cju3xwpgviwlx0871rwm15q7v.jpg,25063,111.1674979052787,0.11691714217409233,347,352,192,184
cju3xzvnzj0hd0755xprz39nj.jpg,115746,114.28159072451747,0.1310112492734357,446,206,361,416
cju3y0pjrj1c30755nxekxccj.jpg,12215,134.40548505935325,0.13367212934542694,395,172,126,144
cju3y21quj0ir0818kgjagr15.jpg,91753,148.44208908700534,0.09026679542429979,331,213,416,432
cju3y54kwj3nr0801biidlb4e.jpg,198098,138.66591787902956,0.19883042720713234,376,289,516,498
cju3y79ofj3va0871uqfb1mzo.jpg,35592,163.24252641042932,0.09197224928660214,336,222,261,264
cju3y9difj6th0801kd1rqm3w.jpg,32364,96.32607217896428,0.16143535382901353,481,425,221,209
cju3ya7goj6at0818v2l5ay7f.jpg,12562,161.2829167330043,0.1104276816634064,314,194,88,120
cju3yb47cj1xq0817zfotbni4.jpg,45361,155.51328233504552,0.13630861910185724,326,374,264,232
cju3yht87j83m08507yk1u1fg.jpg,131719,137.41791237406903,0.14618257282953762,261,284,418,490
cju3ykamdj9u208503pygyuc8.jpg,22015,75.8641380876675,0.09310641035758792,704,526,112,201
cju40jl7skiuo0817p0smlgg8.jpg,98284,166.8685442187945,0.11685944881435875,339,324,440,384
cju40m0rjkpw80871z6n6yg1u.jpg,68626,155.48303849852826,0.09532552555500962,197,354,352,355
cju40poe4kt9s0755f9cnm3h5.jpg,404487,150.03564267825666,0.1545152038853253,777,641,744,680
cju40r6jrksyk0871wg98zgho.jpg,56043,159.14551326659887,0.13476503434525602,355,328,264,287
cju40sdwukv3k0755y99ug1k8.jpg,34114,139.33716362783608,0.13722947672836477,293,339,208,248
cju40taxlkrho0987smigg0x0.jpg,26022,168.37671969871647,0.09214233639657989,239,251,208,176
cju40u30gkuzc0871rq7t666d.jpg,23609,140.80685331864967,0.12229650758489985,356,137,192,179
cju40w3hbkwpn08015rbs3wko.jpg,23246,189.11429923427687,0.1286533811325276,547,164,149,240
cju40wto5kxwi0755it190f2k.jpg,77685,126.19792752783678,0.10487329866293825,657,884,440,248
cju410dnfl0960755y8lu8d79.jpg,74352,125.72666505272218,0.06385394815400407,204,251,344,424
cju412uwlkva50850d1ps1ww7.jpg,139040,147.46962025316455,0.14024311709355375,276,293,440,456
cju414lf2l1lt0801rl3hjllj.jpg,50008,126.80063189889617,0.054942382064024686,95,366,176,240
cju418rckl3ur08012psrx1r1.jpg,45976,144.58726291978422,0.13615943053261495,450,238,256,248
cju41kd7yl4nm0850gil5qqwh.jpg,22475,130.91915461624026,0.11856922248714755,326,273,144,224
cju41lojblbs307555jdci937.jpg,21226,108.4920851785546,0.11888928220075486,321,234,160,176
cju41nz76lcxu0755cya2qefx.jpg,56788,122.4132739311122,0.12097460958665361,270,240,360,235
cju41p90plcsx08018cnzpndc.jpg,8652,123.77635228848821,0.10264807168383604,267,376,94,143
cju41r6v2lcww0871ps8k8pf5.jpg,61849,168.15587964235476,0.11388484624927421,195,313,248,344
cju41s6nbleqy0755e2mslg0b.jpg,28055,127.37754410978435,0.13189257992579517,337,205,198,187
cju41z76wlgbz0801qdetlvby.jpg,26707,169.5762159733403,0.12886371051137666,243,215,224,159
cju422cm8lfxn0818ojicxejb.jpg,30952,158.68929309899198,0.1490921720015324,265,437,232,187
cju424hy5lckr085073fva1ok.jpg,34882,144.866865432028,0.14635902641142187,319,347,232,200
cju426tomlhll0818fc0i7nvh.jpg,18905,117.45882041787887,0.14920759327497213,441,264,165,160
cju428k5fldt108177s6g6f45.jpg,71985,115.19697159130375,0.14309978035459903,179,164,296,336
cju42dwedlmk60871jbgu4ehi.jpg,54873,140.78052958649974,0.1133325643095839,299,346,272,320
cju42g865lorv07552ytz6xxa.jpg,69780,117.1670822585268,0.14350835853629468,211,177,326,307
cju42m60jlpcm08186kqppzqv.jpg,28312,139.3334628426109,0.11317098420954126,561,272,146,336
cju42nm68lpyo0818xvvqmupq.jpg,45404,152.6387542947758,0.12760123351029992,159,188,195,349
cju42py9mlqyd0818u3d1d7ga.jpg,25912,119.6663322012967,0.08884762478439674,454,284,168,281
cju42qet0lsq90871e50xbnuv.jpg,24858,132.51436157373882,0.10646106986258323,310,179,168,208
cju42romflni20817etb9a0fl.jpg,31712,152.42895433905147,0.10334980684354331,266,284,208,224
cju42tauqlo5p08171l3cuo4b.jpg,20349,150.4388913460121,0.11297943990786574,202,290,160,184
cju42u5bjlvi10801dc13sskp.jpg,35896,125.62399710274126,0.11457759992975379,239,309,264,192
cju42wamblrqn098798r2yyok.jpg,79044,179.20890896209707,0.13134929850510246,381,407,360,307
cju42xpi8lw4w0871ve317a1p.jpg,22530,137.30568131380383,0.1353060784312689,258,284,160,200
cju430pm2lz0y0755jkhcc3d1.jpg,79892,170.70382516397137,0.06295153337222842,505,260,240,472
cju439oazm2fu0871ma0vvrft.jpg,57787,172.5183864883105,0.05921350554643415,338,366,432,364
cju43b8daly4408170e5ev06g.jpg,63186,137.673614408255,0.12449634864722453,269,316,288,344
cju43c92lm5cj0755lorsorfg.jpg,14585,151.90826191292425,0.17122974674442873,366,121,110,140
cju43eigtm6ev0801mv0m96t1.jpg,136612,148.95135127221621,0.141558896777958,299,175,536,376
cju43gfosm63n08714rpih8pe.jpg,89577,142.17965549192314,0.137988820234402,393,226,328,356
cju43h43am1dy08176gwfhmnt.jpg,9319,146.73140894945809,0.13827993378928446,303,221,112,120
cju43in5fm22c08175rxziqrk.jpg,95311,122.81297017133384,0.17191615651892445,485,301,272,434
cju43jcqim2cp08172dvjvyui.jpg,10912,172.7265395894428,0.1635073150088268,436,325,120,136
cju43kj2pm34f0850l28ahpni.jpg,4396,210.73794358507735,0.1450338708370791,444,289,72,84
cju43lcnum9y10755bjs7z87f.jpg,13213,163.68606675244078,0.1277906170921066,300,277,128,140
cju43mkj9m8wb0871qiadahub.jpg,35410,138.52637672973736,0.15239619776005106,206,233,200,240
cju43o6n7m9nk087191ijwqq9.jpg,27027,126.86087986087986,0.10379289928098161,457,189,160,255
cju45jpvfn6c809873pv1i34s.jpg,41445,159.64116298709132,0.10553546566707275,227,241,216,256
cju45lbgznahl08180xz1h7u6.jpg,32223,167.40827980014276,0.1277786181118181,236,215,216,204
cju45n0oxn5vu08500yfrt9jn.jpg,33098,195.61907063870927,0.10551369025137149,466,372,206,260
cju45ofd9ne1j0801ri8dup7t.jpg,193111,119.72019201391946,0.12174602206395958,290,259,534,530
cju45pm27n80u08174kyow1gj.jpg,46693,175.3999957167027,0.11690313484791769,466,378,280,272
cju45qbf3n9sa0987oonbkly9.jpg,28476,131.57392189914313,0.12327098857430221,440,295,208,200
cju45rj7ln8980850a7821fov.jpg,35780,92.9114589155953,0.10741979650115788,434,391,176,224
cju45t5ddnbio0987qtqzx762.jpg,41035,159.03421469477274,0.13050374409296425,339,306,310,200
cju45ty6zn9oz0850qy4qnck1.jpg,34513,146.21936661547824,0.1497638698344345,373,314,200,232
cju45v0pungu40871acnwtmu5.jpg,47566,142.46131690703444,0.10781868526328314,247,234,288,304
cju5b9oyda4yr0850g9viziyv.jpg,24735,143.30939963614313,0.12764060207904548,351,305,182,184
cju5bbtwsa8cl0987wgfsqpao.jpg,32867,172.138649709435,0.1320781442307123,405,229,200,224
cju5bdwa3aatx0818b79i18zf.jpg,24567,173.93100500671633,0.13952464469789053,447,389,184,192
cju5bf6hxa6m50817rbwettgu.jpg,29706,100.7864404497408,0.12933773783231317,424,207,197,216
cju5bhv81abur0850ean02atv.jpg,54763,112.74705549367273,0.11270858692251201,398,180,272,312
cju5bj926aiec07559rshy4wa.jpg,13780,195.8768505079826,0.10901475328550081,418,355,104,180
cju5bmhdcafs909878qfzrqzi.jpg,45879,178.98160378386626,0.150127328016661,345,367,248,280
cju5boicjagt20871b1fotkh4.jpg,105935,120.33645159767782,0.1592095345163531,467,225,334,432
cju5buy2bal250818ipl6fqwv.jpg,40387,108.17379354742863,0.11405897318369,199,183,293,216
cju5bwhapakm90987c1v4z46a.jpg,11794,147.73283025267085,0.13016599455977945,353,230,128,128
cju5bycdkalkb09875f7bfrvx.jpg,82456,153.67507519161734,0.11524267832683979,239,179,312,416
cju5c5xc7algd0817pb1ej5yo.jpg,50076,189.12726655483664,0.10780980274926034,364,270,280,304
cju5c7oijaqmq09878qwgqv8n.jpg,41847,87.6782326092671,0.13518764944879177,200,329,216,256
cju5ca9hcatkc0801jzwe7tfx.jpg,56042,148.8836051532779,0.07509935863468928,303,198,333,288
cju5ccpvqash50850kb4bs22k.jpg,47140,169.98139584217225,0.13792820608180342,289,279,237,272
cju5cetivauok0987ok3e5bre.jpg,46402,169.26944959268997,0.1322808429537481,347,346,232,272
cju5chrxxawka0871qcj171yz.jpg,49544,217.452385758114,0.1309356199475925,326,285,224,288
cju5cjh3xattc0817j2vbulzi.jpg,22319,153.1345938438102,0.15725190880899864,354,77,142,128
cju5cky5xb0ay0801oxet697t.jpg,18846,129.0248328557784,0.11567647757726825,399,290,168,176
cju5clr68b48r0755cmuvponm.jpg,28093,152.7034848538782,0.12891894272728915,259,244,224,176
cju5cu8qkb84x08186jwo8yin.jpg,13891,191.75919660211648,0.1315402802045514,419,348,152,136
cju5ddda9bkkt0850enzwatb1.jpg,11955,159.8500209117524,0.11027385716072073,332,123,192,96
cju5eftctcdbj08712gdp989f.jpg,87819,162.43152392990126,0.10269132241814459,434,296,296,432
cju5ekty5ckzf07550c9u3ckk.jpg,52486,166.3351560416111,0.1336512449004925,355,333,224,304
cju5enq1tcn1i0755hnkon787.jpg,51089,134.47055139071034,0.10864877278273628,366,220,328,244
cju5eq8c8ck690850vix98hv3.jpg,103875,135.88229121540314,0.134848393474769,387,192,376,360
cju5es375cnzy0801nkq35ffs.jpg,22097,177.8791691179798,0.14016933417131935,202,274,152,195
cju5ew4h9cqaf0818rrczkmqh.jpg,74866,123.67576737103626,0.12744419388701078,327,222,318,320
cju5eyfe9cpk90987laa7tsl3.jpg,91685,132.5925069531548,0.1391532928258988,318,239,344,360
cju5f0dezct4q08183ydw11dx.jpg,35825,103.19662247034194,0.1116583346277846,452,269,176,296
cju5f26ebcuai0818xlwh6116.jpg,26713,122.45711825702841,0.10123075838146375,379,127,200,201
cju5f8hxdcxxn08188obby0ea.jpg,42833,154.3660028482712,0.10761829508126786,465,290,216,321
cju5fb86jd1jp0755b1ukbhq5.jpg,70805,128.37443683355696,0.1556239961421701,165,153,320,328
cju5fi0yxd3ei0801v7u0yudn.jpg,7692,129.73764950598024,0.09660709906074802,367,206,96,120
cju5fs6j6d8350801vglraq4u.jpg,79385,142.38707564401335,0.1290003349096229,249,290,344,312
cju5ft6mcd5q40987rhjgbrr6.jpg,45143,128.10546485612386,0.13038570973741817,328,350,256,272
cju5fu081d8gc0818l3yylujk.jpg,17651,153.09608520763697,0.150768766568152,156,329,176,152
cju5fw37edaae0801vkwvocn7.jpg,28504,153.52424221161942,0.1316144010411013,274,244,200,208
cju5fydrud94708507vo6oy21.jpg,118066,154.13970999271595,0.10165850823613748,394,270,440,376
cju5g163vd6mt0817uccuga6u.jpg,14654,151.67189845775897,0.101877872190691,306,460,168,144
cju5gucasds9d0801019axylx.jpg,7701,129.42500973899493,0.13353571038496978,335,286,88,128
cju5h57xedz5h0755mjpc8694.jpg,127219,157.06777289555805,0.15016032795753967,190,241,408,400
cju5hi52odyf90817prvcwg45.jpg,43785,158.38997373529747,0.13519865929474162,250,203,264,216
cju5hjxaae3i40850h5z2laf5.jpg,55669,104.25330075984839,0.11855928001813411,203,302,328,280
cju5hl8nee8a40755fm8qjj0o.jpg,16989,153.9820472070163,0.14767795265988506,406,299,150,160
cju5hqz50e7o90850e0prlpa0.jpg,66032,178.1687818027623,0.1411890889537805,277,317,288,352
cju5ht88gedbu0755xrcuddcx.jpg,69099,165.80472944615695,0.09482593946569429,337,181,368,296
cju5huurrecm70801y680y13m.jpg,34759,163.24143387324148,0.11820795902950071,393,379,232,216
cju5hwonqedw10801vsd3w6kk.jpg,32851,147.93720130285226,0.11901492722785566,273,235,160,284
cju5hyi9yegob0755ho3do8en.jpg,30600,84.10264705882354,0.09637343932682904,387,315,160,232
cju5i39mreass0817au8p22zy.jpg,65744,148.7309108055488,0.09674497061193953,221,282,244,440
cju5i5oh2efg60987ez6cpf72.jpg,98407,170.70245002896135,0.12986998912199463,421,283,336,430
cju5jx7jzf7c90871c2i9aiov.jpg,58321,171.42156341626514,0.12285669119944347,284,188,232,336
cju5jz5fff8c50871hbe6108f.jpg,42873,169.4005318032328,0.12142831018174416,287,197,288,200
cju5k3j3uf6de0817hszzfr7n.jpg,10914,134.83864760857614,0.12569957979766802,345,221,120,132
cju5k503sfa5f0871lx0rpu5y.jpg,52714,66.27561938005084,0.11244900981085144,511,300,230,360
cju5k7r0yf98c09878csbxb4d.jpg,6771,193.6030128489145,0.1287040522800987,274,86,97,96
cju5klveuff6w0871wbibgh3m.jpg,12216,184.49795350360182,0.14528400990676674,248,291,128,128
cju5knbbqfipk080128cggukq.jpg,131057,135.56822603905172,0.10849036155545919,392,290,405,464
cju5kre09fhka0850h7b1898j.jpg,19706,135.07870699279408,0.12677563998907615,383,204,144,216
cju5ktjwofed70817eg58ef7u.jpg,37742,169.66289544804198,0.11986207607691307,365,233,240,240
cju5nxkujgscq0817l9gss626.jpg,49925,105.21572358537807,0.11270348459889762,283,409,360,259
cju5nyu31gv8e0871zpk74a2n.jpg,16510,190.20242277407633,0.160662808976894,431,273,165,136
cju5o1vu9gz8a0818eyy92bns.jpg,42394,174.07970467518987,0.12978646154597576,100,355,200,311
cju5o4pk9h0720755lgp9jq8m.jpg,81776,122.80452700058697,0.12462081175935133,489,321,278,392
cju5tenjojp1j0755ms4949h2.jpg,61390,110.38375956996254,0.12942193444880293,190,289,296,296
cju5tgbzhjllu08174ca41eus.jpg,32492,94.79010217899791,0.09347827681232296,314,172,320,173
cju5thdbrjp1108715xdfx356.jpg,8351,145.65584959885044,0.17475104208683634,330,384,104,108
cju5u4pywk81x0817vn9pe14z.jpg,13052,148.55340177750537,0.17045360693921738,422,332,128,139
cju5u6wf0kh1t0755bg1ssixv.jpg,123850,139.05562373839322,0.13076006361541762,308,263,464,424
cju5u8gz4kj5b07552e2wpkwp.jpg,81189,110.43850767961177,0.10341385748215992,342,158,392,376
cju5udcufki0s09874ll1dbr5.jpg,56374,127.15322666477454,0.11188514057050379,374,392,296,252
cju5ufn3skquf0818dhapnhba.jpg,12110,159.83203963666392,0.11654208176528404,292,308,120,136
cju5uget8krjy0818kvywd0zu.jpg,12647,156.35937376452912,0.14801447726874792,374,266,176,112
cju5uhrdwkmsu0817ervv91l8.jpg,6344,190.38225094577552,0.23374995397880802,447,177,96,95
cju5ukkg6kv7u08011x2b6zl5.jpg,53032,207.70834590435962,0.15813406925766946,264,342,293,247
cju5uxjnol2r509871qv2yeia.jpg,21413,111.12973427357213,0.08440309492037831,397,169,176,231
cju5uzmaol56l0817flxh4w9p.jpg,12247,134.6866171307259,0.15703887982296993,378,281,134,136
cju5v8pgplg6k0755rvi2t63h.jpg,13907,118.81908391457539,0.09527096013592462,331,303,152,152
cju5vbo6jldrt0871jf6f1700.jpg,24889,188.80260355980553,0.10943708941882199,539,263,136,232
cju5vcmrqla7i0817x4sp4pqw.jpg,20371,175.79750625889744,0.1386801324880996,367,185,176,167
cju5vgawslbe30987ndeepc1b.jpg,103909,111.0362143798901,0.1276273113247169,429,271,360,368
cju5vi4nxlc530817uoqm2m7a.jpg,76280,150.3896958573676,0.1333306063616659,402,271,328,349
cju5von04litr08718j8po40a.jpg,20269,121.24929695594257,0.09587252392078265,486,238,128,287
cju5vutu7ll8w0871dfp92n9p.jpg,52052,171.7615653577192,0.19677690221951097,257,232,262,264
cju5vwbr4lhqn0987a1pji0ux.jpg,16308,112.70321314692175,0.09783871632949757,173,373,173,232
cju5vxuc5loxw0818u8xgf45p.jpg,37404,158.93674473318362,0.10969601427108686,377,283,208,256
cju5vzjoslpj708186z2fusmz.jpg,16904,134.32110743019405,0.11033020290403946,456,247,152,164
cju5w7xn0lrkq0801f9k0htgx.jpg,32011,118.10543250757551,0.1147233164660829,291,325,184,232
cju5waeduln160817w0agirve.jpg,26470,182.8420098224405,0.10754911083987792,288,342,192,184
cju5wcc90lu020850mjrxppv6.jpg,37287,183.9041488990801,0.1071615336693915,414,306,216,272
cju5wi6bqlxy90755bu227nvb.jpg,30438,150.2102963401012,0.12281746299098384,317,238,192,224
cju5wj0faly5008187n6530af.jpg,27554,126.61736952892502,0.13296269233759403,253,291,176,224
cju5wkonqlrl409877y8zvnub.jpg,59360,134.01706536388141,0.1228433920796595,454,274,296,296
cju5wmvsdlx1j0871npgj8j4b.jpg,13278,158.19995481247176,0.09650634953150737,266,294,176,120
cju5woy82m07m08505dmjg7g1.jpg,242362,132.1471682854573,0.1387629541772908,709,734,536,600
cju5wphwwlu3m0987hh3ltg88.jpg,15136,154.3839191331924,0.08433689569536826,459,422,144,184
cju5wqonpm0e60801z88ewmy1.jpg,15138,125.63561897212314,0.13882218668772692,425,278,144,152
cju5wrapcm2290818jsh26ppb.jpg,33223,147.66568341209404,0.14676392958642812,365,241,208,216
cju5wrrs0m2af0818vmnajbtw.jpg,8346,167.65983704768752,0.14600090140310357,383,361,110,120
cju5wtdu4m0im0871mix0yvc0.jpg,32047,147.67984522732237,0.13461332715851024,447,169,176,264
cju5wuhm1lwm40987vugqn3vv.jpg,29212,167.0425852389429,0.15111535443379248,420,243,208,192
cju5x00l6m5j608503k78ptee.jpg,116279,143.73354604012764,0.14196897963194754,229,281,366,408
cju5x15djm7ae0755h8czf6nt.jpg,32272,122.52234134853744,0.11674586430680328,413,148,197,248
cju5x28nzm7t907558ocq4bt7.jpg,46520,151.76074806534822,0.12818802543675856,336,173,264,267
cju5x7iskmad90818frchyfwd.jpg,44930,108.53937235699978,0.09652862210231922,109,290,256,311
cju5xjn5mm78b09871spyqhhr.jpg,55607,183.07819159458342,0.11539453815560874,426,174,270,304
cju5xkwzxmf0z0818gk4xabdm.jpg,53922,141.32927191127925,0.1300952840232151,264,299,312,304
cju5xneamme2p0801qdf7fdwv.jpg,18694,75.0152990264256,0.12453486045431365,215,141,184,152
cju5xopi0md7q0871r1sjc1av.jpg,34961,149.1707044992992,0.13297448174590948,476,291,192,252
cju5xq3tdm9fn0987pbedxdg5.jpg,11631,163.77559969048232,0.07086749196130858,381,356,184,144
cju5y4hgqmk0i08180rjhbwvp.jpg,45296,120.28024549629106,0.12486942482282772,278,208,240,271
cju5y7buemcw80987p0r30g9f.jpg,46915,123.26567195992753,0.1454970909119559,163,299,296,264
cju5y84q3mdv50817eyp82xf3.jpg,12078,142.22569961914223,0.13126625653847696,377,293,128,136
cju5yclrymlgj0818k426ud6z.jpg,28559,146.50919149830176,0.13295061190666232,439,210,160,255
cju5yeqiwmkgl0801fzv2douc.jpg,64844,123.77166738634261,0.105667166355006,355,147,264,280
cju5ygh1zmmdi0755uod5e17i.jpg,42737,149.31087816178018,0.11969911094285583,334,362,216,288
cju5yhgznmkzb0801cji2vi8j.jpg,9277,177.72458768998598,0.11575120914360461,327,204,96,144
cju5yimthmlv80850zhoc90c2.jpg,16993,119.59559818748896,0.12614028254606519,259,382,176,139
cju5yjq1pmlgc0801z0t24bly.jpg,38959,106.07258913216458,0.10826759298091056,363,384,224,296
cju5ymyd8mmdc0801ry3by1xr.jpg,11931,170.2974603972844,0.12221653041163985,554,293,112,168
cju6ur9l9v9jq0755paud9uka.jpg,9507,118.45829388871358,0.09992962985941847,275,237,112,128
cju6us80mv1b50871ebyq2wxa.jpg,4266,176.9282700421941,0.12714586537799125,464,211,64,104
cju6ut4l8va6y0755tyw3vfqq.jpg,8954,120.76502121956668,0.1045348063825626,393,345,120,112
cju6uy20suzbl0987rzuhz7z9.jpg,60559,151.88095906471375,0.12321081538022301,331,314,240,328
cju6uzxk0v83p0801rcwnexdu.jpg,103241,149.60085624897084,0.11961627833392037,208,304,373,467
cju6v1m1xv07w09870ah3njy1.jpg,19280,160.8663900414938,0.13496906839734696,377,195,136,120
cju6v3bb2v7xo085090blubyw.jpg,42346,115.35462617484532,0.049424114351679746,192,393,283,283
cju6v4szov55u0871qmqz3v8n.jpg,84805,121.1118448204705,0.1702483787141572,145,318,304,387
cju6v5ilsv8hk0850rb5sgh6o.jpg,10628,134.87617613850207,0.11260996468117833,390,284,128,120
cju6v6g6kvdw007552x6mb0po.jpg,45197,85.59391110029426,0.13509725416318044,327,417,280,226
cju6vgdmivcvb08018fra5lnv.jpg,50395,145.58009723186825,0.12118997760657632,438,226,232,316
cju6vifjlv55z0987un6y4zdo.jpg,204418,144.3222759248207,0.16047221975186754,279,283,488,529
cju6vqarjv7yo0987q4b1btk1.jpg,36301,95.05933720834136,0.14615504590569323,424,335,184,256
cju6vrs1ov8cr098788h8gs6j.jpg,17608,161.34654702407997,0.10844761246218194,334,276,176,160
cju6vta3kvazg0817qbeppjtm.jpg,78948,142.7231088817956,0.15047202170589863,422,221,320,355
cju6vucxvvlda0755j7msqnya.jpg,16313,171.6090847790106,0.11644400869873717,332,173,152,144
cju6vvb8svhed0801jjcquh5e.jpg,5340,114.10262172284644,0.08796051087026283,193,218,72,152
cju6vvxsev9y30987kespucdg.jpg,23001,132.77114038520065,0.12589848203708848,439,150,182,176
cju6w733bveoz0817e600tw72.jpg,24666,177.01739236195573,0.18290798896605023,179,353,176,184
cju6wi3akvn8r0801px8eligc.jpg,162414,133.05398549386138,0.174473442833047,203,266,408,522
cju6wjm81vgsc0987enk9n3pr.jpg,87572,84.41545242771662,0.19245860936971007,243,369,312,352
cju6wll7wvo3y08502pagos8m.jpg,64543,119.03470554514045,0.11939997156145964,239,217,342,320
cju6wn57mvooj0850rp78hhy7.jpg,108428,126.35470542664257,0.0876497470602446,362,209,368,448
cju6wt9jvvn500871hjn3t3g0.jpg,62279,83.82946097400408,0.10657529951353037,367,254,288,312
cju6wuojavt740818b5qcv3iw.jpg,87489,129.90084467761662,0.11900378922910937,323,209,344,352
cju6x0yqbvxqt0755dhxislgb.jpg,45446,136.31795977643796,0.12148259288127085,375,113,256,248
cju6x35ervu2808015c7eoqe4.jpg,67967,135.14234849265085,0.09920038874969547,211,258,344,343
cju6x4t13vyw60755gtcf9ndu.jpg,71025,168.57209433298135,0.12485128536447042,472,239,248,384
cju6x97w4vwua0850x0997r0a.jpg,28018,163.75936897708615,0.10101918218685571,203,233,160,264
cju6xa0qmvzun0818xjukgncj.jpg,35700,126.4773949579832,0.14543296521365806,267,230,216,224
cju6xifswvwbo0987nibtdr50.jpg,112748,135.2867634015681,0.18946952390240374,405,329,336,439
cju6xlygpw7bs0818n691jsq4.jpg,96524,93.7167440222121,0.08657920354179417,373,222,344,440
cju6xmqd9w0250817l5kxfnsk.jpg,29687,129.1016269747701,0.16554039621246575,417,235,166,243
cju6ywm40wdbo0987pbftsvtg.jpg,49661,109.85711121403114,0.1399898516545896,421,209,272,261
cju6yxyt0wh080871sqpepu47.jpg,24265,115.78825468782196,0.10506351316910721,343,246,152,248
cju6yywx1whbb0871ksgfgf9f.jpg,28685,150.78807739236535,0.1300390348700373,402,163,208,184
cju6z1bzbwfq50817b2alatvr.jpg,147027,127.6863841335265,0.1962871375325007,421,348,434,427
cju6z2616wqbk07555bvnuyr1.jpg,28626,125.47614057150842,0.11436695060317593,347,375,176,224
cju6z600qwh4z081700qimgl9.jpg,16174,132.18894522072463,0.15732741591814436,460,356,144,160
cju6z7e4bwgdd0987ogkzq9kt.jpg,49962,126.17273127576958,0.11700173155069381,449,375,286,296
cju6z9a9kwsl007552s49rx6i.jpg,52532,197.44810781999544,0.1583997635050028,264,423,288,216
cju76erapykj30871x5eaxh4q.jpg,70579,188.31988268465125,0.13974638317907323,470,256,280,352
cju76l27oyrw907551ri2a7fl.jpg,51098,175.43009511135466,0.1024440587064393,250,271,224,335
cju76lsehyia10987u54vn8rb.jpg,19652,144.50839609200082,0.14107653619665325,413,236,157,184
cju76o55nymqd0871h31sph9w.jpg,2290,88.22096069868995,0.16912882129539186,210,96,48,69
cju77196iyshb0850ycbto50a.jpg,90341,142.29955391239858,0.12314719280177927,427,196,368,360
cju772304yw5t0818vbw8kkjf.jpg,20853,144.35117249316644,0.11622380274585783,415,236,152,187
cju773hsyyosz0817pk1e7sjq.jpg,36656,130.46980030554343,0.14097464998300993,458,220,200,267
cju774fmayxif0818u2g79usw.jpg,20157,93.10859750955004,0.11270300303772869,441,442,184,170
cju7787c5yy3l080159mwqsnj.jpg,19590,141.6795303726391,0.09484336129809776,493,265,160,192
cju77afzlz3kp07550x5nafzs.jpg,183039,143.76943711449474,0.14304273374338713,219,264,464,528
cju77b3wyz4160755qis4ljsb.jpg,13470,133.82590942835932,0.11850678229308305,287,368,136,152
cju77bvg0yv4r0987yh60xmjo.jpg,26839,174.41715414136146,0.13921610806693083,321,204,208,168
cju77g99iyxc00817zqi2ppor.jpg,90565,114.02885220559818,0.13722856638101216,403,312,408,344
cju77idwfz36d0871tzfzz51i.jpg,62120,159.49740824211204,0.12220559699079196,311,369,368,243
cju77j66ez52p08019xygi0co.jpg,10758,133.06720580033465,0.13081299238194963,275,242,168,96
cju77k828z46w0871r0avuoo9.jpg,32901,123.00613963101425,0.13299979557272343,259,181,232,192
cju77q10sz9ug0801449wu1nu.jpg,33998,133.69489381728337,0.08600707854403675,436,116,248,264
cju77re6fz5bb0817vp9redjg.jpg,22048,130.83758164005806,0.1268276758352966,199,312,166,200
cju77t0razbvm080106o56289.jpg,170836,153.9717272705987,0.131047833411578,231,228,438,528
cju77u1sjz77b0817ft44r3fk.jpg,39645,132.19344179593895,0.14869490750119585,195,215,205,261
cju77vvcwzcm50850lzoykuva.jpg,26531,153.93109946854622,0.13799036886146113,225,429,248,168
cju783tmkzkqu081803g7q5vk.jpg,35945,169.74374739184867,0.14352825917237008,302,273,264,191
cju784jpdzeae0987q5ypq883.jpg,34641,117.73765191536042,0.15081291139218,363,440,232,195
cju785htizjzo08017tvlhtg4.jpg,30650,159.05334420880914,0.1410154322483079,286,206,184,220
cju787jnjzjuj0871p94nck9g.jpg,44414,141.2783806907732,0.12989268282445818,435,139,216,288
cju7adqyj1jcx08712r1ro5gx.jpg,84887,137.73066547292282,0.1417367975766708,301,276,360,328
cju7ae7bq1f820987toc8si1d.jpg,10565,166.93601514434454,0.11486143316387128,245,156,120,136
cju7aez2x1jtj0871ztezs3oi.jpg,9759,180.62403934829388,0.11923459333319092,307,173,120,120
cju7afqon1ip40850ue2308b6.jpg,16325,143.79797856049004,0.11333111011138583,472,240,144,192
cju7agj961l2r0818z29iq8yn.jpg,22279,150.23362808025496,0.1213505473854377,377,275,160,184
cju7ahtkb1jr90801jck4kbds.jpg,44335,134.14331792037893,0.10862360497038921,414,412,208,296
cju7aifyo1p3n07552nxjx51f.jpg,20302,123.30179292680523,0.09414016932556167,298,157,152,184
cju7ajnbo1gvm098749rdouk0.jpg,78847,163.487463061372,0.1754980125472289,349,115,384,272
cju7aklv31h4309871m29l4e7.jpg,34163,119.53938471445716,0.16647925924791682,287,314,197,264
cju7alcgr1lsr0871riqk84z7.jpg,33284,188.68654608821055,0.13560485999163033,452,122,224,200
cju7amjna1ly40871ugiokehb.jpg,42808,175.3621986544571,0.13905570740565662,348,334,208,288
cju7ap09p1kz10850ldccjebj.jpg,17651,124.5420089513342,0.1426844979523269,419,303,136,200
cju7apr0c1qqm0755s7msqot4.jpg,42137,94.67147637468258,0.14134907536514146,352,309,200,288
cju7aqkue1i2k09879uzcpt8r.jpg,20661,170.84545762547796,0.10653864121812964,547,209,136,220
cju7arvfe1ldu0850erdmphgj.jpg,51585,163.86854705825337,0.10816483220416492,264,310,304,264
cju7atnm31if40817pqclnjer.jpg,54859,110.48759547202829,0.11601741438128788,236,319,328,351
cju7avvi51iox0817ym55y6tt.jpg,179519,146.58091344091713,0.11579488573160936,341,222,568,468
cju7awzmu1ncs0871hziy65zx.jpg,25701,159.77572857087273,0.1912088713365104,384,236,160,215
cju7azuu31mia0801pf9ib5ed.jpg,23492,178.82117316533288,0.12167631858645184,266,403,176,200
cju7b10ce1mnm08011c5bwyr4.jpg,57691,129.69799448787506,0.10769948383253634,444,191,288,320
cju7b1ygu1msd0801hywhy0mc.jpg,50718,160.7044638984187,0.08841000230514724,471,200,232,339
cju7b2l561oas0871decgslaf.jpg,27498,123.54643974107208,0.11600810432618595,166,347,208,192
cju7b3f5h1sm40755i572jden.jpg,49787,163.18267820917106,0.13746432064928824,407,433,360,210
cju7b4mtw1n9n080186209f3d.jpg,14249,165.68383746227806,0.125432107021469,234,176,144,144
cju7b5afm1nfw0801xqm8bf8q.jpg,18738,101.51248799231509,0.13786973780542042,196,146,160,168
cju7b9vcs1luz0987ta60j1dy.jpg,46033,158.12619207959509,0.14023567081718627,405,359,224,264
cju7bb3ss1uoo0755pmhyco7t.jpg,46158,152.46327830495255,0.13116730746011748,206,238,264,232
cju7bc95p1mdm0817yqj5jc6j.jpg,29814,131.34557590393774,0.11143551094274592,324,311,192,239
cju7bd1qu1mx409877xjxibox.jpg,29228,131.25232653619815,0.13797996550081496,253,248,206,200
cju7bduyq1rjf08719giru9ho.jpg,38874,200.28070175438597,0.18713710882606505,354,326,224,232
cju7bf1lp1shi081835vs84lc.jpg,111631,116.98744972274727,0.11598589228268284,231,336,400,426
cju7bfx651qr80801cs7epotb.jpg,61816,169.47319464216383,0.12515379907043556,318,371,304,293
cju7bgnvb1sf808717qa799ir.jpg,59911,172.7901887800237,0.11892084300715798,284,199,296,304
cju7bmi1v1pnj0987pa52jjok.jpg,45034,157.59443975662833,0.1516079228611005,331,295,269,224
cju7cl8zm1xcu0817ado0jpas.jpg,103584,124.26298463083101,0.10287049774400987,235,268,414,384
cju7cp6dw244p0818gncdol4m.jpg,12539,124.85899992024882,0.1242827439770611,405,318,112,160
cju7cq6su27qv075574dir0r3.jpg,44284,146.84346490831902,0.1473525873249186,288,207,320,216
cju7crgxa28550755wbsgqkel.jpg,46865,135.20800170703083,0.13532340339881554,281,235,280,240
cju7csvlb22fr0850lvm45n3x.jpg,98780,142.10502125936424,0.12151866657775105,474,286,286,482
cju7ctvqn25dy08186g442m1r.jpg,47304,100.29597919837646,0.08621119257198474,346,182,264,320
cju7cue9b232j0801qdzk1ykj.jpg,29031,122.47562949950053,0.14401933354395716,260,178,208,184
cju7cufm7298k0755j09uf3of.jpg,39688,134.13112275750856,0.141912063136733,272,286,248,221
cju7d1tvt25bu08019dvw3uff.jpg,85971,112.4313314955043,0.12444019527713515,190,386,384,339
cju7d2q1k27nf08715zshsckt.jpg,73693,130.26211444777658,0.11551959866587279,405,352,376,304
cju7d3oc82cho0755dajlwldz.jpg,58210,147.20489606596806,0.12765207156127606,226,250,256,320
cju7d4jk723eu0817bqz2n39m.jpg,42317,162.29888697213886,0.11650560936684361,389,314,221,283
cju7d5m0p23kn09871rk7pu3v.jpg,115904,136.24993097736058,0.10974379285381562,360,265,411,507
cju7d6ux323ze0987xos3srkx.jpg,124691,126.56882212830116,0.1194581495161857,326,199,416,440
cju7d7aut2a2p0818z4uxc6cd.jpg,6075,129.0311111111111,0.11494404859227149,361,360,80,112
cju7d7tly27h408016fyp5nr7.jpg,44780,156.7908217954444,0.11412304706611498,288,264,221,307
cju7d8m3b2e210755l8fj1yph.jpg,90224,171.42841150913281,0.12122096746016009,383,153,432,296
cju7d9seq29zd0871nzl2uu5m.jpg,75867,133.90886683274678,0.10240070192001187,345,239,344,328
cju7da88w2eod0755wejzynvt.jpg,11007,122.32988098482784,0.13566750872401556,327,142,128,120
cju7db7lp2f400755tntd1ohf.jpg,85844,197.19407296957272,0.14569725756615012,472,184,345,376
cju7dbppn28nx085097654msi.jpg,103109,154.4022442269831,0.12026048130191744,407,268,384,397
cju7dda8w2br20818zhsuz8s7.jpg,111779,144.02049579974772,0.11583454631776834,349,326,384,408
cju7ddtz729960801uazp1knc.jpg,58020,161.66870044812134,0.1639281619096115,334,397,272,272
cju7deifq2fzn0755lc8idyh8.jpg,27830,117.13618397412864,0.12756942058058193,436,302,200,200
cju7dff9529h208503w60lbil.jpg,170095,118.46010758693672,0.14431981652428433,337,273,472,514
cju7dglf226g50987ohbthl19.jpg,57351,181.41563355477672,0.06266809124417863,468,152,333,312
cju7dhpsc2dnn0818025m6857.jpg,146507,136.35678841284033,0.1526040820062627,360,304,418,451
cju7dizi82h2i0755doucgnt3.jpg,25788,167.2417403443462,0.11976464690624364,220,263,216,184
cju7dlk532dsh0871zvr6qz0r.jpg,65096,167.44383679488755,0.11812502972643295,480,272,248,376
cju7dmlgf2ebw0871ieqas5fh.jpg,29724,138.4630601534114,0.12876227339429205,213,232,192,160
cju7dn24o296i09871qfxb8s2.jpg,52311,120.57951482479784,0.10154191224269553,490,304,288,288
cju7do8c72dbo0801vxfzxdc4.jpg,14811,189.76409425427047,0.10767376349164592,457,319,136,163
cju7dp3dw2k4n0755zhe003ad.jpg,23263,178.49696943644415,0.11125695701970843,450,370,192,200
cju7dqcwi2dz00850gcmr2ert.jpg,18757,191.93005278029537,0.10824540598035423,361,418,160,160
cju7druhp2gp308715i6km7be.jpg,112631,125.09413039038985,0.07605243941826978,256,185,584,357
cju7dsrtb2f8i085064kwugfk.jpg,26868,159.03517195176417,0.10661695531750079,245,362,192,232
cju7dtb1e2j0t0818deq51ib3.jpg,54420,132.47993384785005,0.14281374540565928,506,347,222,352
cju7dubap2g0w0801fgl42mg9.jpg,85071,154.36367269692374,0.11163139747055167,370,194,344,336
cju7dvl5m2n4t0755hlnnjjet.jpg,8446,74.88882311153209,0.14877567623385465,394,208,104,119
cju7dwe282dc309876rco45ts.jpg,107199,134.11284620192353,0.09976177994244005,235,248,424,400
cju7dxffn2eam0817qxosfwch.jpg,61289,159.53848161986653,0.09050504822625904,497,227,216,424
cju7dymur2od30755eg8yv2ht.jpg,47830,133.56636002508887,0.12051425119673642,277,181,248,288
cju7dz5yy2i7z0801ausi7rna.jpg,10030,143.56191425722832,0.13896517091764707,325,267,118,128
cju7ea4om2l910801bohqjccy.jpg,20233,173.30554045371423,0.10042090898250912,488,253,147,216
cju7ebe962hr409872ovibahw.jpg,146147,137.97211027253383,0.12007662357179004,302,146,616,304
cju7ecl9i2i060987xawjp4l0.jpg,79445,129.2035118635534,0.09325641575060882,218,364,432,302
cju7eea9b2m0z0801ynqv1fqu.jpg,143688,130.8730095763042,0.1348244780650045,356,311,312,365
cju7efffp2ivf0817etg3jehl.jpg,151143,86.4870486889899,0.14761130636396635,365,234,432,512
cju7ehljc2or70871261br8ai.jpg,166927,124.09656915897368,0.15742847655502748,375,304,432,531
cju7ejm2l2ncl0801wq6y84nw.jpg,23993,85.61609636143875,0.17776387060556081,112,309,232,144
cju7ekbo32pft0871fv7kzwb9.jpg,9545,118.31985332634888,0.17816873135811329,344,389,120,109
cju7el6xv2k520817qxx9wdr5.jpg,87963,149.38188783920512,0.1331036103421678,381,276,384,320
cju7emdni2py40871ivhxjtut.jpg,118903,158.94248252777473,0.10482257638252859,356,256,352,520
cju7eotqi2qea0871y8yc7tqh.jpg,225485,125.56713306871853,0.1009656064423865,335,260,592,546
cju7epwj82koz098713apjnzo.jpg,24352,205.6425755584757,0.12029598147293914,191,137,198,176
cju7er4kc2opa0801anuxc0eb.jpg,58288,139.5956972275597,0.12827942563371716,280,194,312,264
cju7es23b2vcp0755gpbm9s7v.jpg,116948,190.4650015391456,0.18010942034131433,370,343,357,417
cju7et17a2vjk0755e743npl1.jpg,14963,134.8569137205106,0.06219813358871653,231,435,102,144
cju7etr3y2p4t0801cdzjj8ab.jpg,27534,127.30199026657951,0.12665894142268752,281,256,192,216
cju7eueum2oqn0850rodmx8zo.jpg,26124,154.33807992650438,0.16111274866289232,294,130,192,184
cju7ev2b12owa08500bpfpwyw.jpg,65009,169.94128505283885,0.09533639669471732,158,365,342,330
cju7evxt12m730987rxivne3x.jpg,103958,148.10170453452355,0.12133927863887549,279,295,296,472
cju7ey10f2rvf0871bwbi9x82.jpg,20446,89.28890736574391,0.11961959554433998,337,241,152,192
cju7ez7r22qbc08015xfoz2wb.jpg,108655,147.696314021444,0.14172974365272686,275,145,480,328
cju7ezs7g2mxm098787atbran.jpg,16285,132.26189745164262,0.1258224094385159,458,253,136,160
cju7f0ec32txj08184asb8w5f.jpg,18731,113.54423148790775,0.13774608383834722,337,269,152,163
cju7f4sc62xqj075597xpmuoy.jpg,49052,114.73630025279296,0.17151521952297172,433,266,237,280
cju7f5ghb2r5s0801chwkxxh9.jpg,370974,167.27991449535546,0.1198800814954342,556,411,720,723
cju7f6cqy2ur20818t1saazbm.jpg,44881,146.43882712060784,0.0951820070344696,425,324,248,280
cju7f900s2o0k08175gl1giid.jpg,62256,144.79642122847596,0.10610491910867252,136,175,280,371
cju7f9umg2olj0987fj5y285w.jpg,49518,145.64598731774305,0.14214127934092133,411,245,291,264
cju7fazv92ywx0755xov2erga.jpg,108351,188.83134442690886,0.19844003499355092,281,355,384,352
cju7fbndk2sl608015ravktum.jpg,34475,154.15234227701234,0.12207444916671002,345,176,200,248
cju7fcgbe2z3p07550vaflqdb.jpg,32413,126.92268534230092,0.13566876779737802,381,216,216,212
cju7fd6yt2p740987wkr8exo1.jpg,10650,150.84262910798122,0.11941533831821785,414,311,120,128
cju7fen322ou10817ziqkob4k.jpg,41124,146.45073436436144,0.1137623820740731,361,243,200,240
cju7ff97z2ow40817u2r83my5.jpg,9995,110.01450725362682,0.17025179531137274,255,165,133,112
cju7flevb2wii08188otgs9p2.jpg,211665,108.19284718777313,0.15983738397255642,285,275,517,528
cju7fmvpk2q170987v6i3ola8.jpg,62208,105.7082690329218,0.11243187169778668,171,260,248,336
cju7fnfv02tt90801djnix9m8.jpg,6783,176.94176618015626,0.11986149468343794,261,240,96,104
cju7fob3x301u0755x985pmmq.jpg,37238,164.18177667973575,0.1302266455596529,304,223,253,248
cju7fpfzq2wyf0818xxd1oziv.jpg,63890,119.87059007669431,0.11876586301938544,279,326,256,362
cju7fq7mm2pw508176uk5ugtx.jpg,88573,112.96015715850203,0.15275721215288107,260,158,344,335
cju7frtqu2xa20818wq8r9fzf.jpg,59583,157.52760015440646,0.15383720391450303,268,371,264,347
cju7g7ba42z310987bqzbi2bq.jpg,116609,132.82286101415843,0.1533260533883013,431,317,356,514
cju83h9ysjwe808716nt35oah.jpg,14972,132.51649746192894,0.09081861970439807,349,378,168,136
cju83ipu3jwpx0801z5pvguf8.jpg,10795,190.60842982862437,0.08676197144164872,289,429,184,91
cju83k8fyjsxr0817d6nxs6r4.jpg,37610,178.9300717894177,0.09060454349436353,238,377,296,200
cju83kxitjv340987z09m0ezy.jpg,14432,110.93070953436808,0.1254985225217895,389,260,168,128
cju83mki1jv5w0817kubxm31r.jpg,92181,177.43495948188888,0.16337884121811164,463,383,393,363
cju83nwu1jxte0987h1krpfmv.jpg,31952,170.18884576865298,0.11734089997957582,414,332,232,200
cju83qd0yjyht0817ktkfl268.jpg,129662,121.43037281547407,0.14221522924862526,197,249,440,399
cju83rcnzkbsj0755x5anfrcg.jpg,28787,161.4260603744746,0.13965823459653237,334,295,200,199
cju83syhdk6gs0801rf1rekdl.jpg,32595,180.71369842000306,0.12943959704170563,403,181,200,224
cju83u9ftk3ni0987qnhlcinv.jpg,84713,159.28478509791884,0.180944804272404,312,297,312,359
cju83vvmik9wa08710yeh7cuk.jpg,22671,143.99845617749548,0.10448272990927378,335,290,168,203
cju83wwn1k55e0850kw6i2d81.jpg,23965,142.52693511370748,0.11653377928120792,453,341,184,197
cju83yddek68q0850d2x7zfkm.jpg,59958,146.49608058974616,0.12304603490941068,239,349,272,320
cju8402x1kcy70801t6kz6bdi.jpg,59620,149.9619758470312,0.10043010201097897,321,326,288,288
cju8418jhkf7d0818ga2v0xq0.jpg,143443,114.05505322671723,0.12107296350814342,344,239,398,504
cju8432cmkgq90871cxe4iptl.jpg,104659,138.74170401016636,0.15367391022832658,276,276,432,368
cju843yjskhq30818qre4rwm2.jpg,13877,87.22764286229012,0.10172587932091778,378,191,104,224
cju846ec0kj7z08012o10klrb.jpg,33312,94.57633885686839,0.12059132515925758,403,120,176,256
cju847pxykriq0755268ktrk2.jpg,70555,141.59540783785698,0.07632746709967816,331,208,400,420
cju849c23kgnk0817cgv2hw1e.jpg,27705,131.78592311857065,0.10796969309798243,180,293,208,208
cju84aoa3ktwn0755pfl4gfwd.jpg,119212,130.02740495923229,0.1637122978547565,387,386,478,330
cju84dsvaklpx098750hp83x4.jpg,117721,107.32134453495978,0.10487102975797774,286,260,448,458
cju84ffdzkrjn08183jh1fxmb.jpg,26052,118.02180254874865,0.13734053016533995,352,398,184,202
cju84gpefknwm098714oq8q61.jpg,44607,170.2153025309929,0.13367850746822238,379,189,264,261
cju84hibuktj80871u519o71q.jpg,21555,150.4026443980515,0.12175069266457576,423,260,160,184
cju84ih17kp5l09876bkooocl.jpg,37511,112.52296659646504,0.1286615355793705,450,300,184,288
cju84jdl9kv0i0871eog9b3i9.jpg,314361,150.20299909976112,0.1254167176991527,499,476,816,568
cju84kplnl1y30755ropua1b0.jpg,162901,144.8757588965077,0.12827633337587752,285,282,416,528
cju8567gdlcbq0801dwwyo2jt.jpg,92359,118.18375036542189,0.17208346092892615,295,390,376,322
cju857ad0l88m0817qx4cwxnf.jpg,43157,130.2214472739069,0.13370773929718624,273,262,240,272
cju858eswlepn0871pzvdrhj1.jpg,69660,90.4462962962963,0.1620935575038823,427,377,298,314
cju85a8h8llwm07559wxg4t5w.jpg,20078,199.33598964040243,0.20564971757363212,235,311,144,195
cju85bf1algsq0871y9gtlq97.jpg,22221,136.2447234597903,0.13784998762318287,261,264,184,200
cju85c2d4ln1b0755zz1z3onx.jpg,4621,112.44167929019693,0.16569800701084098,357,344,80,80
cju85citjlnfm0755i4rk5tqj.jpg,8514,169.1014799154334,0.12739993708766764,281,119,107,120
cju85dx63lic408017f0l0400.jpg,10149,151.556803625973,0.1962366621662285,242,285,142,101
cju85fc11ljr40818edpb0inh.jpg,103995,166.54950718784556,0.13293034328204123,430,315,391,400
cju85hguellg50818kwu3s8d1.jpg,132771,141.0938457946389,0.18979840480453244,433,187,406,408
cju85ia1slh220987y7c20sm2.jpg,24976,132.1544282511211,0.15597390975152436,424,222,192,176
cju85je7vlht70817c9jcjwi4.jpg,445855,181.50265669331958,0.11509325576830146,393,626,752,795
cju85l4yjlops0801fvmnwptf.jpg,107781,134.7252669765543,0.1370676717298846,166,293,384,456
cju85mpuglq8k0818d2it6hzb.jpg,61996,99.28424414478353,0.14104361645185678,253,187,247,336
cju85nr8elly209872w9n5m0s.jpg,20764,157.5451261799268,0.12025962826694196,320,369,166,171
cju85omszllp30850b6rm9mi3.jpg,41445,96.3351912172759,0.19254470015835257,380,112,216,232
cju85plp7lmkw0850rx42jdpf.jpg,98556,114.09386541661594,0.15892867005487799,448,217,308,477
cju85qefyln6v0850szeb9byi.jpg,117156,105.31626207791321,0.21009277418105007,391,341,394,401
cju85rkbnlo1c08503uxcpax1.jpg,57849,142.40699061349375,0.1450497814180887,345,384,280,291
cju87kbcen2av0987usezo8kn.jpg,20323,79.14195738818088,0.08609263951503741,179,203,168,183
cju87li0zn3yb0817kbwgjiz8.jpg,161269,87.41270795999232,0.23173031013342063,349,239,472,449
cju87mrypnb1e0818scv1mxxg.jpg,14007,166.55072463768116,0.13121520806991505,287,253,128,160
cju87nkyrnb970801q84m47yt.jpg,31293,122.016776914965,0.09742243924604745,489,355,184,264
cju87ox0kncom0801b98hqnd2.jpg,23211,143.86394381974063,0.12927547161578834,290,159,176,192
cju87q6yoneim0871dl4phvkd.jpg,90422,137.7038994934861,0.10285982147936362,360,239,400,416
cju87r56lnkyp0755hz30leew.jpg,76398,135.86778449697636,0.1292694022263669,359,216,312,336
cju87tyddnnad0755bj0wxahe.jpg,120723,122.66896945900947,0.1465064188875308,337,241,461,360
cju87vqa0ndwg0850onjdz7ol.jpg,200499,119.11446441129382,0.17508254229918815,294,264,556,530
cju87xn2snfmv0987sc3d9xnq.jpg,54064,166.65742453388577,0.11871011966734583,204,305,312,346
cju87z6o6nh73085045bzsx6o.jpg,39797,124.47249792697941,0.13221555420922365,483,311,248,232
cju87zv8lni0o0850hbbecbq6.jpg,5051,162.82062957830132,0.1361820503499826,341,343,96,80
cju8828oxnool0801qno9luhr.jpg,64092,117.94119390875616,0.13062517227367357,454,264,280,328
cju884985nlmx0817vzpax3y4.jpg,6354,129.95971041863393,0.16051389574272115,380,224,72,75
cju885ikhnmkn09878s2lqtuh.jpg,31073,118.44208798635471,0.12178006390164493,270,217,200,224
cju886ryxnsl50801r93jai7q.jpg,43618,155.24891100004587,0.11523123095165018,329,290,224,287
cju887ftknop008177nnjt46y.jpg,12472,132.66124118024374,0.12157186933247514,335,202,96,176
cju888fr7nveu0818r9uwtiit.jpg,41033,142.19321034289473,0.14869487060882428,410,255,192,304
cju88aq6vo1ij0755c2ey7z7n.jpg,73866,104.5206048791054,0.14065649867906332,390,227,296,331
cju88cddensj00987788yotmg.jpg,19513,185.81074155691078,0.13176934478616037,372,295,144,189
cju88evxanv9r08176zkeovec.jpg,44850,134.23522853957635,0.07147375686758525,400,138,344,368
cju88fpm4o0tl0871w1i6a4ds.jpg,6456,134.9042750929368,0.14866296477514845,357,121,96,96
cju88gx09o2vk0818610zody3.jpg,24813,94.44126062950872,0.11861224076070867,445,269,192,200
cju88itqbny720987hxizbj5y.jpg,66271,122.81657135096799,0.08807977609740432,283,309,312,320
cju88k75inzyb0850ccv5x3vk.jpg,72177,156.80993945439684,0.15569615498854597,339,117,360,280
cju88l66no10s0850rsda7ej1.jpg,247030,116.43357891754037,0.318793066216496,307,256,515,530
cju88msmoo3470817m441j4sg.jpg,51423,175.07829181494662,0.09871552775106354,471,243,256,312
cju88nroho44508500129f1nh.jpg,9002,161.05732059542325,0.16403536968387408,285,300,104,128
cju88oh0po9gq0801nge4tgr1.jpg,12908,156.6371242640223,0.15649117322495504,466,310,136,128
cju88q6h6obpd0871ckmiabbo.jpg,37304,144.2059832725713,0.21649458768234214,275,56,224,125
cju88rl5eo94l0850kf5wtrm1.jpg,95449,137.67858227954196,0.11117677178216803,299,260,352,376
cju88t4fvokxf07558ymyh281.jpg,16629,153.54603403692346,0.18090485661788958,262,347,136,152
cju88trl3ogi208716qvti51b.jpg,14541,117.7996011278454,0.14219537902270246,265,285,128,168
cju88v2f9oi8w0871hx9auh01.jpg,8151,118.88038277511961,0.10291945687624816,367,321,104,120
cju88vx2uoocy075531lc63n3.jpg,10682,165.9738812956375,0.11524806244800359,244,351,136,109
cju88y1mwoln50871emyfny1g.jpg,118452,165.99067976902037,0.11426490424368729,286,327,453,409
cju88z8bson4h0871nnd7fdxo.jpg,32220,143.08199875853506,0.10009709660454183,326,237,240,208
cju890guyoiti098753yg6cdu.jpg,40269,139.94124512652414,0.13800788668523054,384,283,224,256
cju8914beokbf0850isxpocrk.jpg,7578,127.38915281076801,0.10299788407677836,458,248,112,108
cju892fesoq2g0801n0e0jyia.jpg,70725,151.35934959349592,0.14133317589380726,317,274,389,264
cju893jmdompz0817xn3g1w4h.jpg,56540,139.27283339228865,0.13463610716636626,286,226,264,288
cju89y9h0puti0818i5yw29e6.jpg,100298,154.08285309776866,0.12526313643385664,166,326,352,440
cju89z6pqpqfx0817mfv8ixjc.jpg,5362,48.67306975009325,0.1447406913301287,422,48,116,72
cju8a1jtvpt9m081712iwkca7.jpg,272020,149.49128372913756,0.16265720284105675,1157,486,412,784
cju8a2itsq4dv0755ntlovpxe.jpg,12523,180.02419548031622,0.1159293387263507,245,334,128,152
cju8a3nhbpwnb0850d37fo2na.jpg,20379,145.6947838461161,0.12232191683482363,337,148,184,160
cju8a56vxpy780850r45yu4wk.jpg,40234,133.59946811154745,0.10593601964720387,310,277,248,256
cju8a84g0q76m0818hwiggkod.jpg,137683,130.09586513948707,0.10957670442886527,317,232,424,464
cju8abobpqbir08189u01huru.jpg,37568,172.37803449744465,0.24679223563752375,340,470,272,171
cju8adb60qbiu080188mxpf8d.jpg,27274,82.94507589645816,0.1360007206158972,355,259,192,192
cju8aeei7q8k308173n9y4klv.jpg,22036,105.64040660736975,0.14682433853099744,192,421,168,190
cju8aj01yqeqm0850lhdz3xdw.jpg,71022,102.19099715581088,0.15052524254798264,446,361,320,296
cju8alhigqn2h0801zksudldd.jpg,97764,160.22165623337833,0.1338168159943054,394,235,368,363
cju8amfdtqi4x09871tygrgqe.jpg,45330,155.51378777851312,0.13306156406606948,326,292,224,288
cju8ando2qqdo0818ck7i1be1.jpg,26367,148.6903326127356,0.09808735236639718,433,250,160,240
cju8apjewqrk00801k5d71gky.jpg,36155,107.92609597566035,0.12498024235967037,347,365,187,296
cju8aqq8uqmoq0987hphto9gg.jpg,92539,118.38087725175332,0.12512194880515082,384,270,328,400
cju8arof2qpf20850ifr1bnqj.jpg,49422,127.679758002509,0.09983228955563074,289,285,224,368
cju8ashhnquqr0801rwduzt7d.jpg,91200,179.85445175438596,0.10563323645361178,452,617,352,416
cju8at3s1qqqx0850hcq8nmnq.jpg,9010,121.46270810210876,0.08910555387924249,441,361,128,136
cju8auylgqx0z0871u4o4db7o.jpg,9930,127.25699899295066,0.1150498494105024,389,54,128,112
cju8aw9n1qyg10801jkjlmors.jpg,87222,126.31586067735205,0.12260699294663649,428,286,320,392
cju8axq24r4an0755yhv9d4ly.jpg,11890,169.63313708999158,0.11995878866086752,445,224,136,123
cju8ayeq7r1fb0818z1junacy.jpg,13965,181.08385248836376,0.1291622732706989,360,295,128,152
cju8azmhcr66e0755t61atz72.jpg,53146,172.93002295563164,0.1292367722451995,350,285,232,312
cju8b0jr0r2oi0801jiquetd5.jpg,19623,156.63282882331958,0.14752660321981637,462,373,157,184
cju8b1v3br45u087189kku66u.jpg,85273,146.318377446554,0.15610565535650073,389,370,296,362
cju8b2rmgr52s0801p54eyflx.jpg,53351,137.37028359355963,0.11264768821868108,316,234,312,256
cju8b3ka8r64u0801fh18hk7l.jpg,12724,182.4682489783087,0.14699380865074108,110,341,120,151
cju8b4ja9r2s808509d45ma86.jpg,74380,112.87428072062383,0.12693511195022306,220,185,280,368
cju8b542nr81x0871uxnkm9ih.jpg,6879,144.0625090856229,0.13661809035876887,293,354,112,88
cju8b5p40r2c60987ofa0mu03.jpg,15333,156.8318006913194,0.13339311282693375,260,320,160,141
cju8b6rp0r5st0850184f79xt.jpg,95938,153.81664199795702,0.11924773914070973,469,306,322,432
cju8b7aqtr4a00987coba14b7.jpg,12245,172.1196406696611,0.09760558686901841,256,77,152,128
cju8b8yair65w09878pyqtr96.jpg,36176,131.78936311366652,0.08400783158864686,397,356,184,321
cju8bafgqrf4x0818twisk3ea.jpg,50611,152.17478413783564,0.14028987294588435,261,275,288,272
cju8bbznkrf5g0871jncffynk.jpg,76580,143.44539044136852,0.12568030780403724,257,339,312,387
cju8bff9nrfi10850fmfzbf8v.jpg,26404,154.46822451143765,0.13388614464822543,221,372,184,200
cju8bgdmqrksy0801tozdmraa.jpg,14746,89.66777431167775,0.13499406384826843,364,93,152,128
cju8bh8surexp0987o5pzklk1.jpg,68069,173.12048068871292,0.13590120919919982,316,276,304,304
cju8bi8q7rlmn0871abc5ch8k.jpg,22048,144.72287735849056,0.1650929630389381,411,166,184,168
cju8bj2ssrmlm0871gc2ug2rs.jpg,1196,128.54849498327758,0.1672391411270158,292,203,40,40
cju8bk8oirjhw0817hgkua2w8.jpg,87770,172.35171470889824,0.13471037626696086,216,240,322,440
cju8bljw9rqk20801kr54akrl.jpg,92990,109.42260458113776,0.1154572721700744,316,267,344,392
cju8bm24yrrdp081829mbo8ic.jpg,27202,169.49496360561724,0.1268074760650299,372,324,173,230
cju8bn7m2rmm70817hgxpb1uq.jpg,78588,134.5975339746526,0.098481294179351,413,288,381,336
cju8bop5jrsid08716i24fqda.jpg,25151,143.38081984811737,0.11483966976578229,418,257,192,184
cju8bpctzrqkr0850zeldv9kt.jpg,27586,141.25125063437974,0.1304464981594617,330,164,224,176
cju8bqxxurs6i0850mu7mtef9.jpg,42015,145.76627394977984,0.1373655878694112,478,225,232,248
cju8brv16rx7f0818uf5n89pv.jpg,9252,140.81333765672287,0.1260126794180113,456,329,120,112
cju8bssulrrcy0987h1vq5060.jpg,54463,146.13214475882708,0.18366298486061397,225,424,296,219
cju8buos5rz9b08715lfr0f4f.jpg,67406,146.9345458861229,0.11673602502114243,367,150,408,256
cju8bw697rwg308177tg8huas.jpg,137851,141.71316856606046,0.08738485333810095,332,269,432,504
cju8bysfgrzkl081786jwac09.jpg,52176,164.35077430236123,0.1045897897906719,345,286,288,232
cju8bzzy2s66m08016z6mouqt.jpg,23199,127.72421225052804,0.14360959415578012,480,231,176,176
cju8c1a0ws7o208181c6lbsom.jpg,118568,129.28254672424262,0.1718307084982192,362,168,488,344
cju8c2rqzs5t80850d0zky5dy.jpg,96032,147.6086721092969,0.09464846641825261,430,296,423,397
cju8c3xs7sauj0801ieyzezr5.jpg,79079,162.1701842461336,0.12994549012760215,219,234,304,336
cju8c5223s8j80850b4kealt4.jpg,24643,138.19956985756605,0.055259143272007975,372,172,197,328
cju8c5mxls96t0850wvkvsity.jpg,43303,120.6168625730319,0.14084259827860124,484,383,240,248
cju8c5zcbsdfz0801o5t6jag1.jpg,9584,120.60475792988314,0.12560990578905876,499,111,128,117
cju8c6hnxsdvr0801wn0vrsa6.jpg,4047,134.08969607116381,0.11179356048793884,376,233,96,64
cju8c82iosagu0817l74s4m5g.jpg,126806,145.05213475703042,0.1141742254418604,353,260,408,528
cju8c9akjsdjj0850s67uzlxq.jpg,36794,130.36758710659348,0.1476084896786599,310,284,197,240
cju8ca4geseia0850i2ru11hw.jpg,30900,187.67174757281555,0.1135193703154471,493,107,248,248
cju8cattbsivm0818p446wgel.jpg,131792,143.5926308121889,0.11845096266584224,299,295,448,464
cju8cbsyssiqj0871gr4jedjp.jpg,44583,95.1334140816006,0.12624213889264965,232,134,240,259
cju8cdeazsm8h0801jxifmzur.jpg,44687,159.16355987199856,0.15433221653776344,332,326,232,252
cju8ceacrsqkr0755hdz145es.jpg,11612,108.93566999655529,0.1077567306282032,206,116,152,112
cju8cgi2kspp308011nxdtjp6.jpg,10265,186.5888943010229,0.1274316894718145,429,297,120,120
cju8chdlqsu620755azjty1tj.jpg,35850,135.6452719665272,0.13138230475321666,378,224,192,240
cju8chxndsre008015uisl4si.jpg,10192,73.03218210361068,0.16765408030870632,350,140,128,120
cju8cj10qsrau0871o2dr6ai1.jpg,24291,182.85447285002675,0.1295428873139229,261,137,184,184
cju8clorgsuwn08714toqb7v6.jpg,38828,113.9017461625631,0.11624689416299971,169,334,216,264
cju8cwy02t9eq08185qn12c02.jpg,45505,121.57769475881771,0.14153367621723228,296,109,248,224
cju8czvnztbf40871b4m7t78w.jpg,46956,154.7817957236562,0.13739098664537253,277,326,293,264
cju8d2q30tfhs0801n7lx77xl.jpg,58372,133.44204413074763,0.1288682115196259,464,368,288,296
cju8d4jgatgpj0871q2ophhkm.jpg,49361,128.23824476813678,0.14593845888881743,456,269,240,287
cju8dic9mtppa0987swn23wbc.jpg,81191,148.4992178936089,0.14458989168460404,223,402,440,291
cju8djdqztu6408506pzhlo18.jpg,29928,183.52663058005882,0.14157443796277105,432,145,166,240
cju8dk7eztzup08182yxko5zh.jpg,18896,164.69469729043183,0.11574808253067356,264,163,184,144
cju8dm2cau2km0818jsv9eeq2.jpg,41113,185.8803541458906,0.15282706731976844,282,443,344,235
cju8dn0c3u2v50801k8rvq02f.jpg,456810,142.95748341761345,0.1397710029487974,593,666,798,800
cju8doa16u5gh0818w1ywda3q.jpg,238465,132.7503994296857,0.22986058931017264,298,310,622,481
cju8dpa89u6l80818dj6lldh9.jpg,40838,99.93381164601597,0.07778833349982725,188,373,288,256
cju8dqkrqu83i0818ev74qpxq.jpg,866174,141.18589913804848,0.1112853887600054,732,496,1348,1000
cjyzjzssvd8pq0838f4nolj5l.jpg,15088,149.6281813361612,0.08731405522656499,180,224,96,264
cjyzk8qieoboa0848ogj51wwm.jpg,199280,120.40413990365315,0.10218581008874374,358,264,576,519
cjyzkmjy8evns070165gf9dmq.jpg,41585,160.209378381628,0.12447854370009054,272,262,224,264
cjyzkpsbjdsjq07211dfi4sru.jpg,10804,161.57691595705293,0.1087854035885779,376,147,184,88
cjyzl833ndne80838pzuq6ila.jpg,57514,173.71446952046458,0.14002507007908624,330,214,232,333
cjyzlw7f9faqr070129au64sq.jpg,40272,123.05184743742551,0.10606881523854308,320,229,224,248
cjyztzaqtrv430848l8xgcerw.jpg,83046,117.30251908580786,0.11086053943717435,450,335,400,328
cjyzu3reghjya0794w7pwoi50.jpg,51709,132.8008663868959,0.09234687735698506,488,219,272,296
cjyzu9th0qt4r0a46pyl4zik0.jpg,28472,114.61822141050857,0.11608268488938706,160,225,216,232
cjyzufihqquiw0a46jatrbwln.jpg,166502,123.92885971339683,0.14379587745592284,474,330,440,519
cjyzuio1qgh040763k56deohv.jpg,5552,184.69614553314122,0.168992228898986,308,264,80,96
cjyzul1qggwwj07216mhiv5sy.jpg,95608,158.1202200652665,0.15917756972744757,846,595,344,360
cjyzurzvohqnr0794es1itzek.jpg,62396,95.30737547278672,0.1439825759357272,438,318,238,344
cjz14qsk2wci60794un9ozwmw.jpg,46507,139.81665125680004,0.13567507897088152,329,345,232,296
ck2395w2mb4vu07480otsu6tw.jpg,52654,166.45614768108786,0.15333618694053233,464,425,248,288
ck2bxiswtxuw80838qkisqjwz.jpg,146134,144.03451626589296,0.06516096701400531,256,208,560,488
ck2bxknhjvs1x0794iogrq49k.jpg,39507,142.45480547751032,0.1050415323050654,464,258,240,256
ck2bxlujamu330725szlc2jdu.jpg,16461,211.7758337889557,0.13084512699939999,435,465,152,168
ck2bxpfgxu2mk0748gsh7xelu.jpg,23274,186.75006444960042,0.06423425516938214,524,379,232,240
ck2bxqz3evvg20794iiyv5v2m.jpg,37518,193.99738792046483,0.10931064675544723,287,278,232,239
ck2bxskgxxzfv08386xkqtqdy.jpg,23090,136.55504547423126,0.1373417820759371,355,100,128,200
ck2bxw18mmz1k0725litqq2mc.jpg,98914,168.4252583051944,0.1049205419403549,232,251,408,344
ck2da7fwcjfis07218r1rvm95.jpg,16383,118.49917597509614,0.15100524687933478,410,275,176,144
